date_time,maxtempC,mintempC,totalSnow_cm,sunHour,uvIndex,moon_illumination,moonrise,moonset,sunrise,sunset,DewPointC,FeelsLikeC,HeatIndexC,WindChillC,WindGustKmph,cloudcover,humidity,precipMM,pressure,tempC,visibility,winddirDegree,windspeedKmph,location
2011-01-01,11,2,0.0,3.5,2,15,04:58 AM,02:31 PM,07:27 AM,04:57 PM,7,4,7,4,23,90,98,2.4,1019,11,6,189,13,washington
2011-01-02,8,-0,0.0,3.5,2,7,05:58 AM,03:28 PM,07:27 AM,04:58 PM,5,3,6,3,23,74,92,8.9,1017,8,7,306,14,washington
2011-01-03,6,-3,0.0,8.7,2,0,06:50 AM,04:27 PM,07:27 AM,04:58 PM,-8,-4,0,-4,16,3,55,0.0,1024,6,10,283,12,washington
2011-01-04,6,-3,0.0,8.7,2,0,07:34 AM,05:30 PM,07:27 AM,04:59 PM,-6,-3,1,-3,18,10,64,0.0,1016,6,10,216,11,washington
2011-01-05,4,-3,0.0,8.7,2,0,08:12 AM,06:32 PM,07:27 AM,05:00 PM,-6,-4,-0,-4,14,16,68,0.0,1014,4,10,240,9,washington
2011-01-06,4,-3,0.0,8.7,1,7,08:44 AM,07:34 PM,07:27 AM,05:01 PM,-7,-3,-0,-3,11,34,63,0.0,1006,4,10,159,6,washington
2011-01-07,1,-2,0.5,8.7,1,14,09:12 AM,08:33 PM,07:27 AM,05:02 PM,-7,-5,-1,-5,15,47,66,0.6,998,1,9,231,10,washington
2011-01-08,1,-6,0.3,5.3,1,21,09:38 AM,09:31 PM,07:27 AM,05:03 PM,-8,-7,-2,-7,23,65,65,0.3,1000,1,9,239,16,washington
2011-01-09,-0,-6,0.0,8.7,2,29,10:02 AM,10:28 PM,07:27 AM,05:04 PM,-12,-11,-4,-11,31,9,55,0.0,1020,-0,10,301,22,washington
2011-01-10,0,-6,0.0,7.0,1,36,10:25 AM,11:26 PM,07:27 AM,05:05 PM,-9,-8,-3,-8,17,32,63,0.0,1027,0,10,313,12,washington
2011-01-11,2,-4,3.6,3.7,1,43,10:51 AM,No moonset,07:27 AM,05:06 PM,-5,-4,-2,-4,9,72,77,4.2,1021,2,7,188,6,washington
2011-01-12,0,-5,0.0,5.4,1,51,11:18 AM,12:23 AM,07:27 AM,05:07 PM,-6,-9,-3,-9,30,58,80,0.0,1013,0,10,280,19,washington
2011-01-13,-1,-7,0.0,3.7,1,58,11:49 AM,01:23 AM,07:26 AM,05:08 PM,-7,-11,-4,-11,28,45,81,0.0,1026,-1,10,309,18,washington
2011-01-14,0,-7,0.0,8.7,2,65,12:25 PM,02:23 AM,07:26 AM,05:09 PM,-8,-8,-4,-8,14,30,77,0.0,1029,0,10,279,9,washington
2011-01-15,4,-5,0.0,8.7,2,72,01:08 PM,03:25 AM,07:26 AM,05:10 PM,-5,-4,-1,-4,18,37,76,0.0,1020,4,10,195,10,washington
2011-01-16,1,-4,0.0,8.7,1,80,02:00 PM,04:25 AM,07:25 AM,05:11 PM,-5,-5,-1,-5,16,24,78,0.0,1021,1,10,294,10,washington
2011-01-17,1,-3,0.0,3.7,1,87,03:00 PM,05:23 AM,07:25 AM,05:12 PM,-6,-6,-2,-6,12,90,72,1.9,1025,1,9,63,9,washington
2011-01-18,2,-1,0.0,5.4,1,94,04:07 PM,06:15 AM,07:24 AM,05:13 PM,-0,-3,0,-3,18,74,96,10.7,1011,2,7,227,12,washington
2011-01-19,8,0,0.0,7.0,1,100,05:20 PM,07:01 AM,07:24 AM,05:15 PM,2,-0,3,-0,17,40,93,2.9,1010,8,9,277,10,washington
2011-01-20,4,-3,0.0,5.4,1,100,06:34 PM,07:41 AM,07:23 AM,05:16 PM,-2,-2,1,-2,15,59,84,0.2,1017,4,9,205,9,washington
2011-01-21,-2,-7,0.1,8.7,2,84,07:48 PM,08:16 AM,07:23 AM,05:17 PM,-7,-10,-3,-10,31,28,73,0.1,1010,-2,10,292,21,washington
2011-01-22,-3,-9,0.0,5.4,1,77,09:01 PM,08:49 AM,07:22 AM,05:18 PM,-16,-11,-6,-11,11,41,45,0.0,1016,-3,10,301,9,washington
2011-01-23,-3,-8,0.0,8.7,2,69,10:13 PM,09:20 AM,07:22 AM,05:19 PM,-14,-11,-6,-11,19,14,51,0.0,1021,-3,10,309,13,washington
2011-01-24,-2,-8,0.0,8.7,2,62,11:25 PM,09:51 AM,07:21 AM,05:20 PM,-12,-9,-5,-9,13,24,58,0.0,1030,-2,10,156,9,washington
2011-01-25,8,-4,0.0,8.7,2,55,No moonrise,10:24 AM,07:20 AM,05:21 PM,-5,-2,1,-2,14,28,70,0.0,1022,8,10,134,8,washington
2011-01-26,2,-1,20.3,3.8,1,48,12:35 AM,11:00 AM,07:20 AM,05:23 PM,-0,-5,0,-5,26,89,96,39.9,1009,2,6,110,17,washington
2011-01-27,1,-6,0.0,8.7,1,40,01:45 AM,11:42 AM,07:19 AM,05:24 PM,-3,-6,-2,-6,20,23,92,0.0,1013,1,10,262,12,washington
2011-01-28,1,-4,1.0,5.4,1,33,02:51 AM,12:28 PM,07:18 AM,05:25 PM,-2,-4,-1,-4,12,70,98,1.2,1011,1,5,221,7,washington
2011-01-29,2,-7,0.0,5.4,1,26,03:52 AM,01:21 PM,07:17 AM,05:26 PM,-2,-5,-2,-5,15,59,96,0.1,1016,2,5,184,9,washington
2011-01-30,3,-4,0.0,3.8,1,19,04:45 AM,02:19 PM,07:17 AM,05:27 PM,-1,-3,-0,-3,11,67,97,0.0,1021,3,2,229,6,washington
2011-01-31,-2,-4,0.1,5.4,1,15,05:32 AM,03:20 PM,07:16 AM,05:28 PM,-4,-7,-3,-7,14,60,93,0.1,1030,-2,9,55,9,washington
2011-02-01,2,-2,0.0,3.8,1,0,06:11 AM,04:21 PM,07:15 AM,05:30 PM,-0,-2,0,-2,8,94,98,0.5,1023,2,1,103,5,washington
2011-02-02,10,-3,0.0,7.1,2,0,06:44 AM,05:23 PM,07:14 AM,05:31 PM,3,-1,3,-1,29,54,96,13.3,1012,10,9,205,16,washington
2011-02-03,0,-6,0.0,8.7,2,0,07:14 AM,06:22 PM,07:13 AM,05:32 PM,-5,-7,-3,-7,18,13,83,0.0,1029,0,10,307,12,washington
2011-02-04,4,-3,0.0,7.1,1,3,07:41 AM,07:21 PM,07:12 AM,05:33 PM,-3,-2,0,-2,11,32,82,0.0,1025,4,10,216,7,washington
2011-02-05,3,-1,0.0,3.8,1,11,08:05 AM,08:18 PM,07:11 AM,05:34 PM,1,-2,2,-2,18,81,98,1.7,1009,3,5,169,10,washington
2011-02-06,6,-2,0.0,8.7,2,18,08:29 AM,09:16 PM,07:10 AM,05:35 PM,-0,-1,2,-1,14,20,88,0.0,1014,6,10,238,8,washington
2011-02-07,8,-2,0.0,8.7,1,26,08:54 AM,10:13 PM,07:09 AM,05:37 PM,2,1,3,1,11,44,93,0.0,1013,8,4,141,6,washington
2011-02-08,0,-6,0.1,7.1,1,33,09:20 AM,11:11 PM,07:08 AM,05:38 PM,-3,-6,-0,-6,32,40,83,1.5,1014,0,8,291,20,washington
2011-02-09,3,-7,0.3,7.1,1,41,09:49 AM,No moonset,07:07 AM,05:39 PM,-12,-7,-3,-7,15,41,52,0.4,1025,3,9,254,11,washington
2011-02-10,0,-6,0.8,8.7,1,48,10:22 AM,12:10 AM,07:06 AM,05:40 PM,-9,-8,-3,-8,15,17,65,1.1,1020,0,9,294,12,washington
2011-02-11,8,-6,0.0,8.7,2,56,11:01 AM,01:10 AM,07:05 AM,05:41 PM,-6,-1,1,-1,10,1,61,0.0,1021,8,10,179,7,washington
2011-02-12,7,-3,0.0,7.1,1,64,11:47 AM,02:09 AM,07:03 AM,05:42 PM,-6,-3,1,-3,22,18,63,0.0,1018,7,10,275,14,washington
2011-02-13,10,-2,0.0,8.7,3,71,12:41 PM,03:07 AM,07:02 AM,05:43 PM,-1,-0,3,-0,28,29,77,0.0,1018,10,10,211,15,washington
2011-02-14,13,3,0.0,8.7,2,79,01:44 PM,04:01 AM,07:01 AM,05:44 PM,2,2,6,2,43,5,78,0.2,1009,13,10,258,24,washington
2011-02-15,7,-3,0.0,8.7,2,86,02:53 PM,04:49 AM,07:00 AM,05:46 PM,-5,-3,1,-3,23,2,65,0.0,1027,7,10,224,15,washington
2011-02-16,11,-1,0.0,8.7,3,94,04:06 PM,05:32 AM,06:59 AM,05:47 PM,-1,1,4,1,22,23,69,0.0,1027,11,10,186,14,washington
2011-02-17,17,3,0.0,8.7,3,100,05:22 PM,06:10 AM,06:57 AM,05:48 PM,7,8,10,8,20,25,82,0.0,1020,17,9,200,11,washington
2011-02-18,20,10,0.0,8.7,5,100,06:36 PM,06:44 AM,06:56 AM,05:49 PM,11,13,14,13,30,30,81,0.1,1013,20,10,242,16,washington
2011-02-19,8,1,0.0,8.7,3,84,07:52 PM,07:17 AM,06:55 AM,05:50 PM,-2,0,5,0,49,0,62,0.0,1017,8,10,300,29,washington
2011-02-20,8,-2,0.0,7.2,1,76,09:06 PM,07:50 AM,06:53 AM,05:51 PM,-5,-1,3,-1,20,41,59,0.5,1023,8,9,264,12,washington
2011-02-21,9,-1,4.8,7.2,2,69,10:20 PM,08:23 AM,06:52 AM,05:52 PM,1,0,4,0,21,73,82,6.2,1008,9,8,127,14,washington
2011-02-22,1,-5,12.3,7.2,1,61,11:33 PM,09:00 AM,06:51 AM,05:53 PM,-4,-7,-3,-7,15,64,95,14.6,1019,1,6,100,10,washington
2011-02-23,8,-5,0.0,8.7,2,53,No moonrise,09:41 AM,06:49 AM,05:54 PM,-3,-1,1,-1,9,5,75,0.0,1027,8,10,136,5,washington
2011-02-24,9,-1,0.0,7.2,2,46,12:42 AM,10:26 AM,06:48 AM,05:55 PM,2,1,4,1,19,46,86,2.2,1021,9,8,191,12,washington
2011-02-25,16,2,0.0,7.2,2,38,01:46 AM,11:18 AM,06:47 AM,05:56 PM,6,5,8,5,37,60,88,8.3,1006,16,9,236,23,washington
2011-02-26,8,-0,0.0,8.7,2,31,02:42 AM,12:15 PM,06:45 AM,05:58 PM,-2,0,3,0,16,36,72,0.0,1021,8,10,215,10,washington
2011-02-27,8,1,0.0,5.7,2,23,03:30 AM,01:14 PM,06:44 AM,05:59 PM,0,2,5,2,21,56,73,0.2,1017,8,9,244,14,washington
2011-02-28,20,7,0.0,8.7,3,16,04:11 AM,02:15 PM,06:42 AM,06:00 PM,11,11,12,11,24,76,94,14.5,1009,20,7,221,14,washington
2011-03-01,13,-1,0.0,11.6,3,15,04:46 AM,03:16 PM,06:41 AM,06:01 PM,-1,1,4,1,18,3,71,0.6,1025,13,10,239,12,washington
2011-03-02,13,0,0.0,11.6,3,8,05:17 AM,04:15 PM,06:39 AM,06:02 PM,1,2,5,2,25,23,75,0.0,1019,13,10,248,18,washington
2011-03-03,5,-1,0.0,10.2,1,1,05:44 AM,05:14 PM,06:38 AM,06:03 PM,-3,-2,2,-2,24,61,73,1.1,1019,5,9,249,16,washington
2011-03-04,6,-0,0.0,7.3,1,0,06:09 AM,06:11 PM,06:36 AM,06:04 PM,-2,-0,3,-0,21,68,73,0.4,1019,6,9,249,14,washington
2011-03-05,6,-1,0.0,8.7,1,0,06:34 AM,07:08 PM,06:35 AM,06:05 PM,-3,-0,3,-0,18,49,70,1.0,1022,6,9,205,12,washington
2011-03-06,6,-1,0.8,8.7,1,6,06:58 AM,08:05 PM,06:33 AM,06:06 PM,-1,-0,3,-0,18,59,77,2.6,1022,6,9,182,11,washington
2011-03-07,8,-2,0.0,11.6,2,14,07:24 AM,09:03 PM,06:32 AM,06:07 PM,-1,-2,3,-2,28,28,77,0.0,1019,8,10,308,19,washington
2011-03-08,9,0,0.0,11.6,3,21,07:52 AM,10:02 PM,06:30 AM,06:08 PM,-1,2,4,2,14,26,71,0.0,1032,9,10,82,8,washington
2011-03-09,8,1,0.0,5.9,2,28,08:23 AM,11:01 PM,06:29 AM,06:09 PM,4,1,5,1,22,81,92,2.9,1030,8,8,105,15,washington
2011-03-10,12,8,0.0,5.9,3,36,09:00 AM,11:59 PM,06:27 AM,06:10 PM,10,7,10,7,32,99,99,46.3,1012,12,7,148,19,washington
2011-03-11,10,2,0.0,10.2,2,43,09:42 AM,No moonset,06:26 AM,06:11 PM,2,3,6,3,19,39,80,0.1,1011,10,9,296,12,washington
2011-03-12,13,1,0.0,11.6,3,50,10:31 AM,12:56 AM,06:24 AM,06:12 PM,4,4,7,4,23,14,82,0.0,1014,13,10,220,14,washington
2011-03-13,12,4,0.0,10.2,3,57,11:29 AM,01:50 AM,06:23 AM,06:13 PM,5,6,8,6,21,19,80,0.0,1020,12,10,315,13,washington
2011-03-14,10,1,0.0,10.2,2,65,12:32 PM,02:38 AM,06:21 AM,06:14 PM,1,3,5,3,14,39,73,0.0,1028,10,10,229,9,washington
2011-03-15,10,2,0.0,10.2,2,72,01:42 PM,03:23 AM,06:20 AM,06:15 PM,2,4,6,4,14,47,80,0.9,1029,10,10,123,10,washington
2011-03-16,14,6,0.0,10.2,3,79,02:54 PM,04:02 AM,06:18 AM,06:16 PM,7,8,9,8,12,64,85,6.2,1020,14,7,243,8,washington
2011-03-17,17,5,0.0,11.6,4,86,04:08 PM,04:38 AM,06:17 AM,06:17 PM,6,9,10,9,18,17,79,0.1,1022,17,9,260,10,washington
2011-03-18,24,9,0.0,10.2,4,94,05:23 PM,05:11 AM,06:15 AM,06:18 PM,12,15,16,15,22,23,82,1.8,1015,24,10,242,12,washington
2011-03-19,14,7,0.0,11.6,4,100,06:38 PM,05:44 AM,06:13 AM,06:19 PM,6,9,11,9,25,8,73,0.6,1025,14,10,295,16,washington
2011-03-20,10,3,0.0,11.6,3,100,07:55 PM,06:17 AM,06:12 AM,06:20 PM,0,4,6,4,15,31,70,0.0,1035,10,10,90,10,washington
2011-03-21,20,5,0.0,7.4,3,84,09:10 PM,06:54 AM,06:10 AM,06:21 PM,10,10,12,10,25,72,90,6.5,1018,20,8,209,15,washington
2011-03-22,16,8,0.0,7.4,3,77,10:23 PM,07:34 AM,06:09 AM,06:22 PM,8,9,11,9,16,50,83,7.0,1014,16,8,153,11,washington
2011-03-23,12,6,0.0,6.1,2,70,11:33 PM,08:20 AM,06:07 AM,06:23 PM,8,6,8,6,18,92,94,10.9,1005,12,8,113,13,washington
2011-03-24,7,3,0.0,7.5,2,63,No moonrise,09:12 AM,06:06 AM,06:24 PM,3,2,5,2,16,70,86,1.9,1006,7,6,187,12,washington
2011-03-25,8,0,0.0,10.2,1,55,12:33 AM,10:08 AM,06:04 AM,06:25 PM,-3,1,4,1,14,28,66,0.2,1016,8,9,327,10,washington
2011-03-26,8,-1,0.0,11.6,2,48,01:26 AM,11:08 AM,06:03 AM,06:25 PM,-6,0,3,0,13,17,56,0.1,1018,8,10,197,9,washington
2011-03-27,6,-1,2.0,7.5,1,41,02:10 AM,12:09 PM,06:01 AM,06:26 PM,-2,-1,2,-1,13,57,73,2.9,1017,6,7,179,9,washington
2011-03-28,9,-2,0.0,12.3,2,34,02:47 AM,01:10 PM,06:00 AM,06:27 PM,-7,-1,2,-1,16,24,52,0.0,1019,9,10,328,10,washington
2011-03-29,10,-1,0.0,12.7,3,26,03:20 AM,02:09 PM,05:58 AM,06:28 PM,-7,1,4,1,15,14,48,0.0,1022,10,10,282,10,washington
2011-03-30,8,3,0.0,10.6,2,19,03:48 AM,03:08 PM,05:56 AM,06:29 PM,1,2,5,2,14,73,76,7.6,1019,8,8,97,9,washington
2011-03-31,8,3,0.0,8.0,2,15,04:13 AM,04:05 PM,05:55 AM,06:30 PM,4,2,5,2,13,100,93,4.0,1008,8,6,27,9,washington
2011-04-01,9,3,0.0,10.6,2,0,04:38 AM,05:02 PM,05:53 AM,06:31 PM,2,2,5,2,23,69,84,1.5,1002,9,7,260,15,washington
2011-04-02,11,2,0.0,12.8,2,0,05:03 AM,05:59 PM,05:52 AM,06:32 PM,2,3,6,3,23,43,78,2.3,1006,11,9,270,14,washington
2011-04-03,14,2,0.0,12.8,2,0,05:29 AM,06:57 PM,05:50 AM,06:33 PM,3,5,8,5,21,24,75,2.6,1017,14,9,245,13,washington
2011-04-04,24,7,0.0,12.9,5,3,05:56 AM,07:55 PM,05:49 AM,06:34 PM,11,15,16,15,35,23,76,0.1,1005,24,10,192,20,washington
2011-04-05,14,4,0.0,11.9,2,10,06:26 AM,08:54 PM,05:47 AM,06:35 PM,8,9,11,9,34,50,84,6.4,1002,14,10,277,22,washington
2011-04-06,16,3,0.0,12.9,4,18,07:01 AM,09:53 PM,05:46 AM,06:36 PM,3,7,9,7,23,13,67,0.0,1016,16,10,228,14,washington
2011-04-07,18,7,0.0,12.9,4,25,07:42 AM,10:50 PM,05:44 AM,06:37 PM,8,11,12,11,13,34,80,0.0,1017,18,10,154,9,washington
2011-04-08,12,5,0.0,9.4,2,33,08:28 AM,11:44 PM,05:43 AM,06:38 PM,6,6,8,6,15,88,89,8.8,1020,12,7,82,11,washington
2011-04-09,11,5,0.0,8.1,2,40,09:22 AM,No moonset,05:41 AM,06:39 PM,6,6,8,6,10,86,91,0.8,1021,11,5,106,7,washington
2011-04-10,19,6,0.0,13.0,3,48,10:22 AM,12:33 AM,05:40 AM,06:40 PM,11,12,13,12,14,60,89,0.1,1019,19,7,179,9,washington
2011-04-11,27,14,0.0,13.0,5,56,11:27 AM,01:17 AM,05:38 AM,06:41 PM,17,21,21,20,28,44,85,4.1,1008,27,10,211,17,washington
2011-04-12,16,10,0.0,8.2,3,63,12:35 PM,01:57 AM,05:37 AM,06:42 PM,14,14,15,14,24,78,93,6.9,1007,16,9,135,15,washington
2011-04-13,15,8,0.0,10.7,3,71,01:45 PM,02:33 AM,05:35 AM,06:43 PM,10,11,12,11,16,69,88,8.7,1011,15,8,255,11,washington
2011-04-14,23,8,0.0,13.1,5,78,02:57 PM,03:06 AM,05:34 AM,06:44 PM,8,13,14,13,13,17,72,0.0,1019,23,9,237,8,washington
2011-04-15,18,7,0.0,13.1,4,86,04:11 PM,03:39 AM,05:32 AM,06:45 PM,9,11,12,11,21,17,80,0.2,1025,18,10,102,14,washington
2011-04-16,17,8,0.0,9.5,3,93,05:26 PM,04:11 AM,05:31 AM,06:46 PM,12,10,12,10,34,85,96,27.1,1011,17,7,145,22,washington
2011-04-17,18,6,0.0,13.2,4,100,06:41 PM,04:46 AM,05:30 AM,06:47 PM,7,10,12,10,26,8,74,0.0,1010,18,9,250,16,washington
2011-04-18,23,10,0.0,13.2,5,100,07:57 PM,05:25 AM,05:28 AM,06:48 PM,11,16,17,16,18,20,74,0.0,1014,23,10,200,10,washington
2011-04-19,22,14,0.0,13.2,5,84,09:10 PM,06:08 AM,05:27 AM,06:49 PM,14,18,18,18,15,27,82,0.0,1015,22,10,150,9,washington
2011-04-20,27,15,0.0,13.3,5,77,10:17 PM,06:58 AM,05:25 AM,06:50 PM,16,21,21,21,27,20,76,0.9,1012,27,9,225,16,washington
2011-04-21,17,8,0.0,13.3,4,69,11:16 PM,07:55 AM,05:24 AM,06:51 PM,5,11,12,11,23,17,65,0.0,1023,17,10,288,15,washington
2011-04-22,11,6,0.0,10.8,2,61,No moonrise,08:55 AM,05:23 AM,06:52 PM,5,5,8,5,20,59,82,10.3,1028,11,8,98,13,washington
2011-04-23,23,7,0.0,12.0,4,54,12:04 AM,09:58 AM,05:21 AM,06:53 PM,14,14,15,14,21,68,90,1.6,1018,23,8,186,13,washington
2011-04-24,28,17,0.0,13.3,5,46,12:45 AM,11:01 AM,05:20 AM,06:54 PM,18,22,22,21,13,32,81,6.4,1016,28,8,177,8,washington
2011-04-25,29,17,0.0,13.4,5,39,01:20 AM,12:02 PM,05:18 AM,06:55 PM,19,23,23,22,18,40,83,1.1,1015,29,7,165,10,washington
2011-04-26,27,19,0.0,13.4,5,31,01:50 AM,01:01 PM,05:17 AM,06:56 PM,19,23,23,22,29,29,84,1.5,1014,27,10,187,18,washington
2011-04-27,27,18,0.0,12.1,5,24,02:16 AM,01:59 PM,05:16 AM,06:57 PM,20,23,23,22,25,54,87,5.2,1011,27,9,172,16,washington
2011-04-28,24,14,0.0,13.3,5,16,02:42 AM,02:56 PM,05:15 AM,06:58 PM,17,21,22,21,29,50,80,7.5,1006,24,8,232,17,washington
2011-04-29,19,9,0.0,13.5,5,9,03:07 AM,03:53 PM,05:13 AM,06:59 PM,9,15,15,15,20,22,67,0.1,1011,19,10,288,13,washington
2011-04-30,21,8,0.0,13.9,5,1,03:32 AM,04:50 PM,05:12 AM,07:00 PM,7,12,13,12,14,16,71,0.0,1021,21,10,246,9,washington
2011-05-01,19,8,0.0,13.3,3,1,03:59 AM,05:48 PM,05:11 AM,07:00 PM,10,13,13,13,14,42,82,1.5,1025,19,7,172,9,washington
2011-05-02,26,11,0.0,12.2,5,0,04:28 AM,06:47 PM,05:10 AM,07:01 PM,15,17,18,17,17,41,85,0.2,1021,26,9,174,11,washington
2011-05-03,28,17,0.0,13.3,5,0,05:02 AM,07:46 PM,05:08 AM,07:02 PM,18,22,22,21,24,38,81,5.8,1016,28,9,211,16,washington
2011-05-04,14,8,0.0,12.2,3,6,05:41 AM,08:44 PM,05:07 AM,07:03 PM,7,8,11,8,24,53,82,17.1,1018,14,9,320,16,washington
2011-05-05,18,6,0.0,14.0,4,13,06:26 AM,09:40 PM,05:06 AM,07:04 PM,4,10,12,10,24,10,62,0.1,1020,18,10,289,16,washington
2011-05-06,21,7,0.0,14.0,4,21,07:19 AM,10:30 PM,05:05 AM,07:05 PM,8,13,14,13,17,20,70,2.4,1014,21,10,220,11,washington
2011-05-07,23,9,0.0,14.0,5,28,08:16 AM,11:16 PM,05:04 AM,07:06 PM,9,15,16,15,15,20,71,0.0,1013,23,10,285,9,washington
2011-05-08,22,11,0.0,14.0,4,35,09:19 AM,11:57 PM,05:03 AM,07:07 PM,12,15,16,15,7,30,80,1.5,1013,22,10,238,4,washington
2011-05-09,22,11,0.0,14.1,5,42,10:25 AM,No moonset,05:02 AM,07:08 PM,11,15,16,15,15,13,76,0.5,1016,22,10,16,9,washington
2011-05-10,25,10,0.0,13.4,5,50,11:33 AM,12:32 AM,05:01 AM,07:09 PM,10,16,17,16,11,20,69,0.0,1016,25,10,137,7,washington
2011-05-11,26,14,0.0,14.1,5,57,12:42 PM,01:06 AM,05:00 AM,07:10 PM,13,17,18,17,13,14,78,0.0,1017,26,10,128,8,washington
2011-05-12,24,10,0.0,14.5,5,64,01:52 PM,01:37 AM,04:59 AM,07:11 PM,14,17,17,17,14,37,84,0.0,1017,24,7,177,9,washington
2011-05-13,19,14,0.0,9.1,4,71,03:04 PM,02:08 AM,04:58 AM,07:12 PM,15,16,16,16,16,84,93,2.1,1012,19,4,138,11,washington
2011-05-14,20,14,0.0,9.1,4,79,04:17 PM,02:41 AM,04:57 AM,07:13 PM,16,17,17,17,14,96,95,4.8,1007,20,6,123,10,washington
2011-05-15,23,16,0.0,13.4,5,86,05:31 PM,03:17 AM,04:56 AM,07:14 PM,18,19,20,19,11,56,92,12.4,1001,23,8,208,7,washington
2011-05-16,25,13,0.0,14.5,5,93,06:45 PM,03:57 AM,04:55 AM,07:15 PM,16,18,19,18,14,26,88,7.6,1003,25,7,176,8,washington
2011-05-17,21,15,0.0,12.4,4,100,07:56 PM,04:44 AM,04:54 AM,07:16 PM,17,18,18,18,25,71,93,12.9,1006,21,9,96,16,washington
2011-05-18,22,15,0.0,13.4,4,100,08:59 PM,05:38 AM,04:53 AM,07:17 PM,16,18,19,18,17,42,90,5.3,1010,22,9,124,11,washington
2011-05-19,22,12,0.0,14.5,4,85,09:54 PM,06:37 AM,04:52 AM,07:17 PM,15,17,17,17,9,26,88,7.3,1015,22,8,233,5,washington
2011-05-20,22,12,0.0,14.5,4,78,10:39 PM,07:41 AM,04:52 AM,07:18 PM,14,16,17,16,16,21,83,0.9,1016,22,10,294,9,washington
2011-05-21,27,13,0.0,14.5,5,70,11:17 PM,08:46 AM,04:51 AM,07:19 PM,16,20,20,20,11,21,80,0.3,1016,27,9,250,7,washington
2011-05-22,26,17,0.0,13.4,5,63,11:50 PM,09:49 AM,04:50 AM,07:20 PM,18,22,22,21,15,30,85,5.7,1017,26,10,156,9,washington
2011-05-23,29,17,0.0,13.4,5,56,No moonrise,10:50 AM,04:50 AM,07:21 PM,20,24,24,23,20,41,89,8.4,1013,29,8,185,12,washington
2011-05-24,31,18,0.0,14.5,7,49,12:18 AM,11:50 AM,04:49 AM,07:22 PM,19,24,24,23,19,26,80,0.5,1010,31,8,243,11,washington
2011-05-25,29,18,0.0,14.5,6,41,12:44 AM,12:47 PM,04:48 AM,07:22 PM,20,26,26,24,13,9,82,1.5,1013,29,10,228,8,washington
2011-05-26,32,19,0.0,14.5,7,34,01:09 AM,01:44 PM,04:48 AM,07:23 PM,21,28,28,25,20,19,77,0.0,1011,32,9,181,12,washington
2011-05-27,27,20,0.0,14.5,5,27,01:35 AM,02:41 PM,04:47 AM,07:24 PM,21,25,25,23,17,23,88,4.8,1013,27,7,182,11,washington
2011-05-28,27,18,0.0,14.5,5,19,02:01 AM,03:39 PM,04:47 AM,07:25 PM,20,24,24,22,18,35,87,3.8,1015,27,6,173,12,washington
2011-05-29,31,20,0.0,13.5,6,12,02:29 AM,04:38 PM,04:46 AM,07:26 PM,22,27,27,25,12,44,85,0.1,1018,31,7,171,8,washington
2011-05-30,37,20,0.0,14.5,8,5,03:01 AM,05:37 PM,04:46 AM,07:26 PM,22,32,32,28,13,16,73,0.0,1020,37,8,184,9,washington
2011-05-31,38,22,0.0,14.5,8,1,03:39 AM,06:36 PM,04:45 AM,07:27 PM,25,37,37,30,12,1,75,0.0,1021,38,10,156,7,washington
2011-06-01,35,22,0.0,14.5,8,0,04:22 AM,07:33 PM,04:45 AM,07:28 PM,22,32,32,28,19,7,73,0.0,1018,35,8,239,11,washington
2011-06-02,27,18,0.0,14.5,6,2,05:13 AM,08:26 PM,04:44 AM,07:28 PM,13,23,23,22,25,1,56,0.0,1017,27,10,313,15,washington
2011-06-03,28,14,0.0,14.5,6,10,06:09 AM,09:15 PM,04:44 AM,07:29 PM,11,19,20,19,13,4,63,0.0,1020,28,10,298,9,washington
2011-06-04,28,14,0.0,14.5,6,17,07:12 AM,09:57 PM,04:44 AM,07:30 PM,13,21,21,20,10,18,64,0.0,1019,28,10,164,5,washington
2011-06-05,27,17,0.0,14.5,5,25,08:18 AM,10:34 PM,04:43 AM,07:30 PM,18,23,23,22,10,43,80,0.6,1015,27,9,87,6,washington
2011-06-06,30,14,0.0,14.5,7,32,09:26 AM,11:08 PM,04:43 AM,07:31 PM,18,24,24,23,9,30,80,0.4,1016,30,8,118,6,washington
2011-06-07,24,18,0.0,14.5,6,40,10:33 AM,11:40 PM,04:43 AM,07:32 PM,18,21,22,21,16,16,83,0.0,1016,24,10,224,8,washington
2011-06-08,26,21,0.0,14.5,6,48,11:42 AM,No moonset,04:43 AM,07:32 PM,23,30,30,26,11,0,80,0.0,1014,26,10,244,7,washington
2011-06-09,38,22,0.0,14.5,8,55,12:51 PM,12:10 AM,04:42 AM,07:33 PM,23,35,35,29,13,3,70,0.6,1013,38,10,274,8,washington
2011-06-10,31,20,0.0,14.5,7,63,02:02 PM,12:41 AM,04:42 AM,07:33 PM,22,29,29,26,12,8,81,2.4,1014,31,10,165,7,washington
2011-06-11,24,20,0.0,14.5,5,70,03:13 PM,01:14 AM,04:42 AM,07:34 PM,22,26,26,23,10,26,93,0.3,1013,24,6,184,6,washington
2011-06-12,23,19,0.0,14.5,6,78,04:25 PM,01:51 AM,04:42 AM,07:34 PM,19,23,23,22,11,18,86,0.3,1011,23,10,255,6,washington
2011-06-13,25,16,0.0,14.5,6,85,05:36 PM,02:34 AM,04:42 AM,07:35 PM,14,19,20,19,18,12,74,0.0,1013,25,10,333,12,washington
2011-06-14,24,15,0.0,14.5,5,93,06:42 PM,03:24 AM,04:42 AM,07:35 PM,14,19,20,19,19,22,73,1.0,1013,24,10,282,11,washington
2011-06-15,32,12,0.0,14.5,6,100,07:41 PM,04:20 AM,04:42 AM,07:35 PM,14,21,21,20,11,7,70,0.2,1014,32,9,270,7,washington
2011-06-16,25,15,0.0,13.5,5,100,08:30 PM,05:23 AM,04:42 AM,07:36 PM,16,21,21,20,20,32,77,17.6,1012,25,9,187,12,washington
2011-06-17,30,16,0.0,14.5,6,85,09:12 PM,06:27 AM,04:42 AM,07:36 PM,18,24,24,23,11,29,79,7.4,1012,30,8,252,7,washington
2011-06-18,31,18,0.0,14.5,7,77,09:48 PM,07:33 AM,04:42 AM,07:36 PM,20,26,26,24,7,18,77,0.6,1011,31,10,217,4,washington
2011-06-19,29,20,0.0,12.4,6,69,10:18 PM,08:35 AM,04:42 AM,07:37 PM,21,26,26,24,12,52,85,3.8,1009,29,7,66,7,washington
2011-06-20,26,19,0.0,14.5,5,62,10:45 PM,09:37 AM,04:43 AM,07:37 PM,18,22,22,22,14,43,84,6.3,1011,26,9,120,8,washington
2011-06-21,32,18,0.0,12.4,6,54,11:11 PM,10:36 AM,04:43 AM,07:37 PM,21,26,26,24,14,45,84,0.9,1013,32,8,192,8,washington
2011-06-22,31,21,0.0,14.5,7,47,11:37 PM,11:34 AM,04:43 AM,07:37 PM,22,30,30,26,14,17,78,0.1,1011,31,9,194,8,washington
2011-06-23,29,22,0.0,13.5,6,39,No moonrise,12:31 PM,04:43 AM,07:38 PM,20,27,27,25,19,29,76,1.1,1008,29,10,226,11,washington
2011-06-24,30,21,0.0,14.5,7,32,12:02 AM,01:29 PM,04:44 AM,07:38 PM,18,26,26,25,16,23,69,0.1,1006,30,10,252,10,washington
2011-06-25,28,19,0.0,12.4,5,24,12:29 AM,02:26 PM,04:44 AM,07:38 PM,17,23,23,22,13,33,71,0.0,1011,28,10,297,8,washington
2011-06-26,29,17,0.0,13.5,5,17,01:00 AM,03:26 PM,04:44 AM,07:38 PM,17,24,24,23,10,36,73,0.0,1014,29,10,264,6,washington
2011-06-27,28,18,0.0,12.4,6,9,01:35 AM,04:24 PM,04:45 AM,07:38 PM,19,26,26,24,16,50,76,1.4,1013,28,9,217,10,washington
2011-06-28,32,20,0.0,14.5,6,2,02:16 AM,05:23 PM,04:45 AM,07:38 PM,22,28,28,26,10,36,83,4.3,1012,32,8,223,6,washington
2011-06-29,30,20,0.0,14.5,7,0,03:04 AM,06:18 PM,04:45 AM,07:38 PM,18,26,26,24,18,12,69,0.0,1013,30,10,304,12,washington
2011-06-30,32,18,0.0,14.5,7,0,03:59 AM,07:09 PM,04:46 AM,07:38 PM,17,25,25,24,11,2,66,0.0,1016,32,10,280,7,washington
2011-07-01,32,18,0.0,14.5,7,0,05:00 AM,07:54 PM,04:46 AM,07:38 PM,16,26,26,24,11,2,60,0.0,1016,32,10,152,6,washington
2011-07-02,32,17,0.0,14.5,7,6,06:06 AM,08:34 PM,04:47 AM,07:38 PM,17,26,26,24,10,18,68,0.0,1017,32,10,169,6,washington
2011-07-03,34,20,0.0,14.5,6,13,07:15 AM,09:10 PM,04:47 AM,07:37 PM,21,29,29,26,14,25,72,1.3,1012,34,10,230,8,washington
2011-07-04,31,21,0.0,14.5,7,20,08:24 AM,09:43 PM,04:48 AM,07:37 PM,21,28,28,26,11,25,76,0.5,1012,31,9,218,6,washington
2011-07-05,32,20,0.0,14.5,6,27,09:34 AM,10:13 PM,04:48 AM,07:37 PM,21,29,29,26,10,14,77,3.1,1014,32,9,180,5,washington
2011-07-06,32,21,0.0,14.5,6,35,10:43 AM,10:44 PM,04:49 AM,07:37 PM,21,29,29,26,11,17,76,0.8,1014,32,10,218,7,washington
2011-07-07,34,20,0.0,14.5,8,42,11:53 AM,11:17 PM,04:49 AM,07:37 PM,21,30,30,27,11,6,71,0.0,1013,34,10,203,7,washington
2011-07-08,30,21,0.0,14.5,6,49,01:03 PM,11:52 PM,04:50 AM,07:36 PM,23,28,28,25,12,35,89,15.7,1010,30,6,193,8,washington
2011-07-09,34,20,0.0,14.5,7,56,02:14 PM,No moonset,04:51 AM,07:36 PM,20,27,27,25,11,7,74,0.0,1012,34,9,182,8,washington
2011-07-10,32,19,0.0,14.5,7,64,03:23 PM,12:31 AM,04:51 AM,07:36 PM,20,28,28,26,12,9,72,0.0,1016,32,10,177,7,washington
2011-07-11,34,21,0.0,14.5,7,71,04:29 PM,01:17 AM,04:52 AM,07:35 PM,22,31,31,27,18,12,76,0.0,1014,34,9,198,12,washington
2011-07-12,35,23,0.0,14.5,8,78,05:30 PM,02:09 AM,04:53 AM,07:35 PM,21,32,32,29,15,12,65,0.0,1009,35,10,309,10,washington
2011-07-13,34,22,0.0,14.5,6,86,06:22 PM,03:09 AM,04:53 AM,07:34 PM,21,29,29,27,14,14,72,4.9,1010,34,10,295,8,washington
2011-07-14,31,19,0.0,14.5,6,93,07:07 PM,04:11 AM,04:54 AM,07:34 PM,15,23,23,23,17,9,65,0.0,1016,31,10,123,11,washington
2011-07-15,28,17,0.0,14.5,6,100,07:45 PM,05:16 AM,04:55 AM,07:33 PM,17,23,23,22,14,9,72,0.0,1019,28,10,188,9,washington
2011-07-16,30,18,0.0,14.5,7,100,08:18 PM,06:20 AM,04:56 AM,07:33 PM,18,25,25,24,14,5,73,0.0,1021,30,9,195,9,washington
2011-07-17,31,18,0.0,14.5,7,85,08:46 PM,07:23 AM,04:56 AM,07:32 PM,18,25,25,24,17,24,73,0.0,1021,31,10,201,10,washington
2011-07-18,36,21,0.0,14.5,8,78,09:13 PM,08:23 AM,04:57 AM,07:31 PM,21,30,30,27,13,5,69,0.0,1016,36,10,218,8,washington
2011-07-19,34,24,0.0,14.5,7,71,09:39 PM,09:22 AM,04:58 AM,07:31 PM,23,32,32,28,12,18,75,12.2,1010,34,9,234,7,washington
2011-07-20,34,22,0.0,13.4,7,64,10:04 PM,10:19 AM,04:59 AM,07:30 PM,24,33,33,28,11,29,82,1.0,1011,34,8,110,7,washington
2011-07-21,37,24,0.0,14.3,8,56,10:31 PM,11:17 AM,05:00 AM,07:29 PM,25,37,37,30,13,18,74,0.1,1010,37,8,203,8,washington
2011-07-22,39,27,0.0,14.3,8,49,11:00 PM,12:14 PM,05:00 AM,07:29 PM,24,39,39,32,11,10,62,0.4,1012,39,10,269,7,washington
2011-07-23,30,26,0.0,14.3,7,42,11:33 PM,01:13 PM,05:01 AM,07:28 PM,22,32,32,29,14,9,69,0.0,1014,30,10,308,8,washington
2011-07-24,36,26,0.0,14.3,7,34,No moonrise,02:11 PM,05:02 AM,07:27 PM,23,34,34,30,13,21,69,4.3,1013,36,9,275,8,washington
2011-07-25,33,24,0.0,13.4,6,27,12:10 AM,03:10 PM,05:03 AM,07:26 PM,24,32,32,27,7,31,85,17.2,1010,33,8,133,4,washington
2011-07-26,36,23,0.0,14.2,8,20,12:54 AM,04:06 PM,05:04 AM,07:25 PM,20,30,30,28,15,9,68,0.0,1008,36,8,273,9,washington
2011-07-27,33,22,0.0,14.2,7,13,01:46 AM,04:59 PM,05:05 AM,07:25 PM,18,28,28,26,13,4,61,0.0,1013,33,10,239,8,washington
2011-07-28,34,21,0.0,14.2,7,5,02:44 AM,05:47 PM,05:05 AM,07:24 PM,21,30,30,27,11,19,73,0.1,1016,34,9,159,7,washington
2011-07-29,38,24,0.0,14.2,8,0,03:49 AM,06:29 PM,05:06 AM,07:23 PM,21,34,34,30,15,9,62,0.1,1013,38,9,265,9,washington
2011-07-30,35,24,0.0,14.2,8,0,04:57 AM,07:08 PM,05:07 AM,07:22 PM,21,31,31,28,10,6,65,0.0,1015,35,10,250,7,washington
2011-07-31,36,22,0.0,14.1,8,0,06:08 AM,07:43 PM,05:08 AM,07:21 PM,20,31,31,28,8,8,67,0.0,1016,36,10,260,5,washington
2011-08-01,36,21,0.0,14.1,7,9,07:20 AM,08:15 PM,05:09 AM,07:20 PM,19,30,30,27,11,18,63,1.0,1013,36,10,270,6,washington
2011-08-02,35,21,0.0,14.1,7,16,08:31 AM,08:47 PM,05:10 AM,07:19 PM,18,29,29,27,15,5,61,1.6,1009,35,10,277,9,washington
2011-08-03,28,23,0.0,12.2,6,24,09:43 AM,09:19 PM,05:11 AM,07:18 PM,20,27,27,25,11,57,77,1.1,1007,28,10,187,6,washington
2011-08-04,29,21,0.0,12.2,6,31,10:54 AM,09:54 PM,05:12 AM,07:17 PM,22,27,27,24,14,47,87,0.7,1011,29,8,120,10,washington
2011-08-05,27,20,0.0,13.4,6,38,12:05 PM,10:32 PM,05:13 AM,07:16 PM,20,25,25,24,14,18,84,0.0,1018,27,8,133,9,washington
2011-08-06,31,20,0.0,14.0,6,45,01:15 PM,11:16 PM,05:13 AM,07:14 PM,22,28,28,25,20,44,84,9.1,1015,31,7,168,13,washington
2011-08-07,33,23,0.0,14.0,6,53,02:22 PM,No moonset,05:14 AM,07:13 PM,23,31,31,27,15,50,79,1.7,1006,33,7,246,10,washington
2011-08-08,32,23,0.0,14.0,7,60,03:23 PM,12:05 AM,05:15 AM,07:12 PM,21,29,29,26,14,10,75,0.0,1004,32,10,300,9,washington
2011-08-09,33,22,0.0,14.0,6,67,04:17 PM,01:01 AM,05:16 AM,07:11 PM,21,29,29,26,13,20,72,0.8,1002,33,10,229,7,washington
2011-08-10,32,22,0.0,13.9,7,74,05:04 PM,02:02 AM,05:17 AM,07:10 PM,17,27,27,26,16,3,59,0.0,1005,32,10,291,11,washington
2011-08-11,29,18,0.0,13.9,6,82,05:44 PM,03:05 AM,05:18 AM,07:08 PM,15,23,23,23,10,6,64,0.0,1011,29,10,138,6,washington
2011-08-12,29,17,0.0,13.9,6,89,06:18 PM,04:08 AM,05:19 AM,07:07 PM,14,23,23,22,14,6,60,0.0,1016,29,10,141,8,washington
2011-08-13,28,19,0.0,13.3,5,96,06:48 PM,05:11 AM,05:20 AM,07:06 PM,20,25,25,23,18,37,84,9.4,1016,28,8,171,11,washington
2011-08-14,28,20,0.0,13.3,5,100,07:16 PM,06:11 AM,05:21 AM,07:05 PM,22,26,26,23,13,50,92,8.4,1009,28,7,183,8,washington
2011-08-15,28,18,0.0,12.2,5,89,07:42 PM,07:11 AM,05:22 AM,07:03 PM,20,24,24,22,14,45,88,9.6,1006,28,6,330,9,washington
2011-08-16,29,18,0.0,13.8,5,82,08:07 PM,08:09 AM,05:23 AM,07:02 PM,19,24,24,23,18,23,81,6.8,1012,29,9,223,12,washington
2011-08-17,31,17,0.0,13.8,7,75,08:33 PM,09:07 AM,05:24 AM,07:01 PM,18,26,26,24,12,17,70,0.0,1019,31,10,213,7,washington
2011-08-18,31,21,0.0,13.4,6,67,09:01 PM,10:04 AM,05:24 AM,06:59 PM,19,27,27,25,16,34,71,0.5,1016,31,10,188,10,washington
2011-08-19,32,19,0.0,13.3,6,60,09:33 PM,11:02 AM,05:25 AM,06:58 PM,20,26,26,24,7,10,79,3.1,1012,32,8,185,5,washington
2011-08-20,31,17,0.0,13.3,7,53,10:07 PM,12:00 PM,05:26 AM,06:56 PM,20,26,26,25,10,7,77,0.0,1015,31,8,210,6,washington
2011-08-21,31,21,0.0,13.3,6,46,10:48 PM,12:57 PM,05:27 AM,06:55 PM,22,28,28,25,20,17,83,11.7,1012,31,9,203,12,washington
2011-08-22,26,18,0.0,13.3,6,38,11:35 PM,01:53 PM,05:28 AM,06:54 PM,15,22,22,21,19,9,69,0.0,1013,26,10,322,12,washington
2011-08-23,30,16,0.0,13.2,6,31,No moonrise,02:46 PM,05:29 AM,06:52 PM,14,22,22,22,13,2,61,0.0,1017,30,10,203,7,washington
2011-08-24,28,17,0.0,13.2,6,24,12:29 AM,03:36 PM,05:30 AM,06:51 PM,16,24,24,23,21,5,70,0.0,1016,28,10,186,14,washington
2011-08-25,32,21,0.0,13.2,6,16,01:30 AM,04:21 PM,05:31 AM,06:49 PM,21,27,27,25,21,25,80,6.4,1012,32,9,202,12,washington
2011-08-26,30,19,0.0,13.2,6,9,02:36 AM,05:02 PM,05:32 AM,06:48 PM,22,27,27,25,11,15,85,4.4,1013,30,9,151,7,washington
2011-08-27,25,21,0.0,9.5,5,2,03:46 AM,05:38 PM,05:33 AM,06:46 PM,22,25,25,23,34,67,96,66.5,1002,25,7,34,21,washington
2011-08-28,28,20,0.0,13.1,5,0,04:57 AM,06:12 PM,05:34 AM,06:45 PM,18,24,24,23,35,39,78,12.9,996,28,9,264,22,washington
2011-08-29,24,17,0.0,13.1,6,0,06:10 AM,06:45 PM,05:34 AM,06:43 PM,14,20,20,20,12,26,69,0.2,1014,24,10,33,8,washington
2011-08-30,28,16,0.0,13.1,6,5,07:24 AM,07:19 PM,05:35 AM,06:42 PM,14,21,21,21,12,4,68,0.1,1019,28,10,121,8,washington
2011-08-31,28,14,0.0,13.0,6,9,08:37 AM,07:54 PM,05:36 AM,06:40 PM,15,21,21,21,8,14,72,0.0,1021,28,10,199,5,washington
2011-09-01,28,17,0.0,13.0,6,20,09:51 AM,08:31 PM,05:37 AM,06:39 PM,16,22,22,21,14,24,74,0.1,1020,28,10,179,8,washington
2011-09-02,26,17,0.0,13.0,5,28,11:04 AM,09:15 PM,05:38 AM,06:37 PM,18,22,22,21,13,41,81,0.6,1018,26,10,144,9,washington
2011-09-03,30,17,0.0,13.0,7,36,12:13 PM,10:03 PM,05:39 AM,06:36 PM,20,25,25,23,13,24,84,0.1,1015,30,8,181,8,washington
2011-09-04,30,20,0.0,12.9,6,43,01:17 PM,10:58 PM,05:40 AM,06:34 PM,22,28,28,25,17,29,84,0.3,1012,30,8,181,11,washington
2011-09-05,28,21,0.0,12.9,5,51,02:14 PM,11:57 PM,05:41 AM,06:33 PM,22,26,26,24,13,59,90,7.3,1008,28,7,201,9,washington
2011-09-06,18,16,0.0,8.1,4,58,03:03 PM,No moonset,05:42 AM,06:31 PM,16,17,17,17,21,92,96,10.0,1013,18,8,115,14,washington
2011-09-07,26,20,0.0,9.3,5,66,03:44 PM,12:59 AM,05:42 AM,06:29 PM,22,25,25,23,11,84,95,74.9,1013,26,2,141,6,washington
2011-09-08,26,21,0.0,11.9,5,73,04:19 PM,02:01 AM,05:43 AM,06:28 PM,22,25,25,23,13,73,96,77.5,1012,26,5,126,8,washington
2011-09-09,27,21,0.0,11.9,5,81,04:50 PM,03:03 AM,05:44 AM,06:26 PM,22,25,25,23,10,52,93,11.8,1011,27,7,98,7,washington
2011-09-10,28,18,0.0,12.8,5,88,05:19 PM,04:03 AM,05:45 AM,06:25 PM,20,23,23,22,9,12,86,2.6,1013,28,8,279,6,washington
2011-09-11,29,18,0.0,12.8,5,96,05:45 PM,05:03 AM,05:46 AM,06:23 PM,19,23,23,22,7,12,82,4.1,1016,29,10,174,4,washington
2011-09-12,29,17,0.0,12.7,6,100,06:11 PM,06:01 AM,05:47 AM,06:21 PM,18,23,23,22,11,9,79,0.6,1016,29,10,269,6,washington
2011-09-13,30,18,0.0,12.7,7,89,06:37 PM,06:58 AM,05:48 AM,06:20 PM,18,25,25,24,11,4,73,0.0,1014,30,10,233,7,washington
2011-09-14,31,18,0.0,12.7,7,81,07:04 PM,07:56 AM,05:49 AM,06:18 PM,18,25,25,24,12,9,74,0.0,1013,31,10,195,7,washington
2011-09-15,25,13,0.0,11.9,5,74,07:34 PM,08:53 AM,05:49 AM,06:17 PM,16,19,20,19,17,32,82,1.3,1015,25,10,268,12,washington
2011-09-16,18,9,0.0,12.7,4,66,08:07 PM,09:51 AM,05:50 AM,06:15 PM,7,12,13,12,10,24,70,0.0,1026,18,10,153,7,washington
2011-09-17,16,10,0.0,11.9,3,59,08:46 PM,10:48 AM,05:51 AM,06:13 PM,11,13,13,13,14,43,84,0.1,1028,16,8,59,8,washington
2011-09-18,19,11,0.0,11.9,4,51,09:30 PM,11:44 AM,05:52 AM,06:12 PM,12,14,14,14,14,32,87,0.6,1027,19,8,52,9,washington
2011-09-19,21,12,0.0,12.6,4,44,10:19 PM,12:37 PM,05:53 AM,06:10 PM,13,16,16,16,14,56,86,0.1,1023,21,7,112,9,washington
2011-09-20,24,15,0.0,11.8,4,36,11:16 PM,01:27 PM,05:54 AM,06:09 PM,17,18,19,18,13,73,91,1.7,1019,24,4,182,8,washington
2011-09-21,25,15,0.0,9.2,5,29,No moonrise,02:12 PM,05:55 AM,06:07 PM,19,21,21,20,10,86,92,1.6,1020,25,4,122,7,washington
2011-09-22,28,19,0.0,12.5,5,21,12:17 AM,02:54 PM,05:56 AM,06:06 PM,21,24,24,23,10,54,90,1.3,1019,28,6,182,6,washington
2011-09-23,22,19,0.0,7.8,5,14,01:24 AM,03:32 PM,05:57 AM,06:04 PM,21,21,22,21,11,96,98,77.3,1015,22,3,178,7,washington
2011-09-24,25,18,0.0,12.5,5,6,02:33 AM,04:06 PM,05:57 AM,06:02 PM,19,21,21,21,9,70,92,0.1,1016,25,4,181,6,washington
2011-09-25,25,19,0.0,12.4,5,0,03:45 AM,04:40 PM,05:58 AM,06:01 PM,20,22,22,21,10,69,92,0.7,1017,25,5,110,6,washington
2011-09-26,27,19,0.0,7.4,5,0,04:57 AM,05:13 PM,05:59 AM,05:59 PM,21,23,23,22,12,85,92,1.2,1014,27,4,158,8,washington
2011-09-27,27,20,0.0,10.1,5,0,06:11 AM,05:48 PM,06:00 AM,05:58 PM,21,24,24,22,14,56,93,1.1,1012,27,5,149,9,washington
2011-09-28,26,20,0.0,8.7,5,1,07:27 AM,06:26 PM,06:01 AM,05:56 PM,21,24,24,22,12,51,92,12.0,1010,26,6,153,8,washington
2011-09-29,24,16,0.0,8.7,5,9,08:43 AM,07:08 PM,06:02 AM,05:55 PM,16,20,21,20,14,27,78,0.1,1007,24,7,256,9,washington
2011-09-30,25,12,0.0,8.7,5,16,09:57 AM,07:57 PM,06:03 AM,05:53 PM,12,18,19,18,16,14,71,0.0,1006,25,10,248,10,washington
2011-10-01,13,9,0.0,7.2,3,23,11:05 AM,08:51 PM,06:04 AM,05:51 PM,8,8,11,8,24,60,83,0.8,1008,13,9,300,17,washington
2011-10-02,11,6,0.0,4.3,2,30,12:06 PM,09:50 PM,06:05 AM,05:50 PM,6,6,8,6,20,76,87,2.4,1011,11,9,282,14,washington
2011-10-03,13,6,0.0,7.2,2,38,12:59 PM,10:52 PM,06:06 AM,05:48 PM,7,8,9,8,9,65,89,3.3,1016,13,7,281,6,washington
2011-10-04,19,8,0.0,8.7,4,45,01:44 PM,11:55 PM,06:07 AM,05:47 PM,10,12,13,12,21,29,84,0.2,1019,19,7,307,13,washington
2011-10-05,22,11,0.0,8.7,5,52,02:21 PM,No moonset,06:07 AM,05:45 PM,12,16,17,16,19,1,78,0.0,1022,22,10,278,12,washington
2011-10-06,24,11,0.0,8.7,5,59,02:53 PM,12:57 AM,06:08 AM,05:44 PM,11,15,16,15,8,0,77,0.0,1027,24,10,155,5,washington
2011-10-07,25,11,0.0,8.7,5,67,03:22 PM,01:58 AM,06:09 AM,05:42 PM,13,17,17,17,9,0,80,0.0,1030,25,10,149,5,washington
2011-10-08,25,9,0.0,8.7,5,74,03:49 PM,02:57 AM,06:10 AM,05:41 PM,13,17,18,17,6,1,80,0.0,1032,25,9,140,4,washington
2011-10-09,29,13,0.0,8.7,6,81,04:14 PM,03:55 AM,06:11 AM,05:39 PM,14,20,20,19,5,1,74,0.0,1029,29,10,258,3,washington
2011-10-10,26,13,0.0,8.7,5,89,04:40 PM,04:52 AM,06:12 AM,05:38 PM,14,18,19,18,10,48,75,0.0,1023,26,10,167,6,washington
2011-10-11,21,14,0.0,4.2,4,96,05:08 PM,05:49 AM,06:13 AM,05:36 PM,16,18,19,18,13,78,87,0.2,1019,21,8,58,8,washington
2011-10-12,18,17,0.0,5.7,4,100,05:37 PM,06:46 AM,06:14 AM,05:35 PM,17,17,17,17,23,91,96,10.0,1013,18,8,82,15,washington
2011-10-13,23,17,0.0,5.7,5,90,06:09 PM,07:44 AM,06:15 AM,05:33 PM,19,19,20,19,17,77,97,14.7,1005,23,6,115,11,washington
2011-10-14,19,13,0.0,8.7,4,82,06:46 PM,08:41 AM,06:16 AM,05:32 PM,14,16,17,16,24,43,83,4.9,1000,19,7,224,14,washington
2011-10-15,19,11,0.0,8.7,5,75,07:28 PM,09:37 AM,06:17 AM,05:30 PM,7,13,14,13,31,4,64,0.0,1008,19,10,242,17,washington
2011-10-16,21,10,0.0,8.7,5,68,08:15 PM,10:31 AM,06:18 AM,05:29 PM,8,14,15,14,29,11,64,0.0,1013,21,10,225,16,washington
2011-10-17,21,12,0.0,8.7,5,61,09:09 PM,11:22 AM,06:19 AM,05:27 PM,11,16,17,16,14,15,73,0.0,1009,21,10,258,8,washington
2011-10-18,23,11,0.0,8.7,4,53,10:07 PM,12:07 PM,06:20 AM,05:26 PM,12,16,17,16,14,22,78,0.2,1009,23,8,80,8,washington
2011-10-19,20,17,0.0,5.7,4,46,11:09 PM,12:49 PM,06:21 AM,05:25 PM,17,19,19,19,20,79,93,12.8,998,20,7,92,13,washington
2011-10-20,15,9,0.0,7.2,3,39,No moonrise,01:27 PM,06:22 AM,05:23 PM,9,11,13,11,30,41,77,0.5,1001,15,10,213,20,washington
2011-10-21,15,8,0.0,8.7,4,31,12:14 AM,02:02 PM,06:23 AM,05:22 PM,6,9,11,9,19,12,72,0.0,1015,15,10,272,12,washington
2011-10-22,18,7,0.0,7.2,3,24,01:23 AM,02:35 PM,06:24 AM,05:21 PM,7,10,11,10,10,13,78,0.0,1019,18,10,247,6,washington
2011-10-23,17,6,0.0,8.7,4,17,02:32 AM,03:07 PM,06:25 AM,05:19 PM,8,11,11,11,12,21,81,0.0,1020,17,10,158,7,washington
2011-10-24,19,9,0.0,7.2,3,10,03:44 AM,03:41 PM,06:26 AM,05:18 PM,10,12,13,12,15,26,86,0.8,1018,19,7,219,9,washington
2011-10-25,19,9,0.0,8.7,4,2,04:58 AM,04:17 PM,06:27 AM,05:17 PM,8,12,13,12,21,2,74,0.0,1020,19,10,276,12,washington
2011-10-26,19,10,0.0,8.7,4,0,06:14 AM,04:57 PM,06:28 AM,05:15 PM,10,13,14,13,21,43,79,2.7,1013,19,10,218,11,washington
2011-10-27,19,6,0.0,4.1,4,0,07:30 AM,05:44 PM,06:29 AM,05:14 PM,12,13,14,13,24,62,91,4.8,1007,19,10,268,14,washington
2011-10-28,10,3,0.0,8.7,2,5,08:43 AM,06:36 PM,06:31 AM,05:13 PM,1,4,6,4,12,38,71,1.3,1022,10,8,93,9,washington
2011-10-29,3,1,0.0,4.1,1,12,09:51 AM,07:36 PM,06:32 AM,05:12 PM,2,-2,3,-2,27,85,96,42.2,1016,3,8,217,17,washington
2011-10-30,11,0,0.0,8.7,3,19,10:49 AM,08:39 PM,06:33 AM,05:10 PM,1,2,5,2,16,6,78,0.0,1025,11,10,306,10,washington
2011-10-31,12,2,0.0,7.1,2,23,11:38 AM,09:45 PM,06:34 AM,05:09 PM,3,5,7,5,14,42,78,0.9,1026,12,10,135,8,washington
2011-11-01,15,5,0.0,8.7,3,35,12:19 PM,10:48 PM,06:35 AM,05:08 PM,7,8,10,8,13,35,88,2.8,1026,15,8,22,8,washington
2011-11-02,16,6,0.0,8.7,3,43,12:54 PM,11:51 PM,06:36 AM,05:07 PM,7,10,10,10,11,4,82,0.0,1027,16,7,142,6,washington
2011-11-03,16,5,0.0,8.7,4,50,01:25 PM,No moonset,06:37 AM,05:06 PM,6,9,10,9,17,12,79,0.0,1019,16,10,189,10,washington
2011-11-04,11,5,0.0,8.7,3,58,01:52 PM,12:50 AM,06:38 AM,05:05 PM,4,6,8,6,23,18,74,0.2,1017,11,10,57,15,washington
2011-11-05,11,2,0.0,8.7,3,65,02:18 PM,01:49 AM,06:39 AM,05:04 PM,0,3,6,3,17,2,68,0.0,1029,11,10,60,11,washington
2011-11-06,13,2,0.0,8.7,3,73,02:44 PM,02:46 AM,06:40 AM,05:03 PM,5,7,8,7,10,18,84,0.0,1031,13,9,139,6,washington
2011-11-07,20,5,0.0,8.7,3,80,03:11 PM,03:43 AM,06:41 AM,05:02 PM,9,11,11,11,11,40,85,0.0,1027,20,6,214,6,washington
2011-11-08,21,7,0.0,8.7,5,88,03:39 PM,04:40 AM,06:43 AM,05:01 PM,9,13,13,13,10,0,77,0.0,1024,21,10,207,6,washington
2011-11-09,18,8,0.0,8.7,3,95,04:11 PM,05:38 AM,06:44 AM,05:00 PM,10,12,12,12,11,15,86,0.0,1019,18,8,167,7,washington
2011-11-10,13,7,0.0,5.4,3,100,04:46 PM,06:35 AM,06:45 AM,04:59 PM,8,9,11,9,17,66,87,3.0,1012,13,7,278,12,washington
2011-11-11,9,1,0.0,8.7,3,89,05:27 PM,07:32 AM,06:46 AM,04:58 PM,-1,1,5,1,30,8,65,0.0,1014,9,10,281,19,washington
2011-11-12,13,1,0.0,8.7,3,82,06:13 PM,08:26 AM,06:47 AM,04:57 PM,0,5,7,5,24,8,62,0.0,1020,13,10,207,14,washington
2011-11-13,15,4,0.0,8.7,4,74,07:05 PM,09:18 AM,06:48 AM,04:56 PM,4,7,10,7,30,17,68,0.0,1019,15,10,201,17,washington
2011-11-14,20,9,0.0,8.7,5,67,08:01 PM,10:06 AM,06:49 AM,04:55 PM,11,13,14,13,31,14,80,0.0,1013,20,10,205,18,washington
2011-11-15,20,14,0.0,5.4,4,59,09:02 PM,10:48 AM,06:50 AM,04:55 PM,13,16,16,16,16,60,84,0.0,1012,20,9,246,9,washington
2011-11-16,17,12,0.0,3.8,3,52,10:05 PM,11:27 AM,06:52 AM,04:54 PM,13,14,14,14,14,88,95,8.4,1010,17,7,218,9,washington
2011-11-17,7,2,0.0,5.4,2,44,11:10 PM,12:01 PM,06:53 AM,04:53 PM,4,3,6,3,25,58,83,6.7,1016,7,9,315,15,washington
2011-11-18,9,-0,0.0,8.7,3,37,No moonrise,12:34 PM,06:54 AM,04:52 PM,-3,1,4,1,15,7,62,0.0,1030,9,10,248,10,washington
2011-11-19,10,-0,0.0,8.7,2,29,12:16 AM,01:05 PM,06:55 AM,04:52 PM,-1,2,5,2,25,38,68,0.0,1028,10,10,193,14,washington
2011-11-20,19,7,0.0,8.7,3,22,01:25 AM,01:37 PM,06:56 AM,04:51 PM,11,11,13,11,20,39,88,2.4,1023,19,9,214,12,washington
2011-11-21,16,10,0.0,3.7,3,14,02:34 AM,02:10 PM,06:57 AM,04:50 PM,12,13,14,13,12,85,90,7.4,1023,16,7,154,8,washington
2011-11-22,15,11,0.0,3.7,3,6,03:47 AM,02:47 PM,06:58 AM,04:50 PM,12,12,13,12,16,100,97,33.1,1021,15,8,106,10,washington
2011-11-23,16,6,0.0,7.0,3,0,05:02 AM,03:30 PM,06:59 AM,04:49 PM,10,11,13,11,35,62,84,5.5,1008,16,9,272,23,washington
2011-11-24,14,4,0.0,8.7,4,0,06:16 AM,04:19 PM,07:00 AM,04:49 PM,4,7,9,7,15,1,73,0.0,1024,14,10,289,10,washington
2011-11-25,16,5,0.0,8.7,4,0,07:27 AM,05:16 PM,07:01 AM,04:48 PM,5,9,11,9,14,4,70,0.0,1024,16,10,231,7,washington
2011-11-26,18,6,0.0,3.5,3,1,08:31 AM,06:18 PM,07:02 AM,04:48 PM,4,10,11,10,14,72,67,0.0,1023,18,10,193,7,washington
2011-11-27,19,9,0.0,8.7,5,8,09:26 AM,07:25 PM,07:04 AM,04:48 PM,11,13,14,13,27,35,85,0.0,1020,19,10,188,15,washington
2011-11-28,20,13,0.0,8.7,4,16,10:12 AM,08:32 PM,07:05 AM,04:47 PM,14,15,16,15,18,55,91,0.5,1018,20,10,146,11,washington
2011-11-29,18,8,0.0,5.3,3,24,10:51 AM,09:37 PM,07:06 AM,04:47 PM,11,11,13,11,26,62,93,20.1,1009,18,9,158,17,washington
2011-11-30,9,3,0.0,5.3,2,31,11:24 AM,10:39 PM,07:07 AM,04:47 PM,2,2,6,2,25,28,76,0.0,1011,9,10,264,16,washington
2011-12-01,10,2,0.0,8.7,3,37,11:54 AM,11:40 PM,07:08 AM,04:46 PM,0,3,5,3,15,2,69,0.0,1025,10,10,321,11,washington
2011-12-02,12,3,0.0,8.7,3,44,12:20 PM,No moonset,07:09 AM,04:46 PM,2,5,7,5,12,2,70,0.0,1029,12,10,212,7,washington
2011-12-03,9,2,0.0,8.7,3,52,12:47 PM,12:38 AM,07:10 AM,04:46 PM,1,3,5,3,12,14,75,0.0,1036,9,10,129,8,washington
2011-12-04,12,2,0.0,8.7,2,59,01:13 PM,01:35 AM,07:10 AM,04:46 PM,5,5,7,5,15,31,90,0.0,1032,12,5,173,9,washington
2011-12-05,16,6,0.0,8.7,3,66,01:41 PM,02:32 AM,07:11 AM,04:46 PM,10,10,11,10,15,77,94,0.3,1025,16,6,182,9,washington
2011-12-06,17,14,0.0,3.5,4,74,02:11 PM,03:29 AM,07:12 AM,04:46 PM,15,15,15,15,23,93,96,16.2,1017,17,9,190,14,washington
2011-12-07,15,5,0.0,3.5,3,81,02:45 PM,04:26 AM,07:13 AM,04:46 PM,11,10,12,10,24,95,95,61.6,1006,15,7,184,16,washington
2011-12-08,8,0,0.0,8.7,2,88,03:24 PM,05:24 AM,07:14 AM,04:46 PM,-1,-0,3,-0,18,7,77,0.0,1022,8,10,280,13,washington
2011-12-09,9,1,0.0,8.7,3,95,04:08 PM,06:20 AM,07:15 AM,04:46 PM,2,3,5,3,16,9,82,0.0,1025,9,10,205,10,washington
2011-12-10,6,2,0.0,8.7,2,100,04:59 PM,07:14 AM,07:16 AM,04:46 PM,-2,-0,4,-0,18,11,68,0.0,1028,6,10,327,13,washington
2011-12-11,8,1,0.0,8.7,2,100,05:55 PM,08:03 AM,07:17 AM,04:46 PM,-4,2,4,2,8,0,60,0.0,1036,8,10,155,7,washington
2011-12-12,8,-1,0.0,8.7,2,83,06:55 PM,08:48 AM,07:17 AM,04:46 PM,-2,2,2,2,6,19,74,0.0,1034,8,10,165,4,washington
2011-12-13,9,2,0.0,8.7,3,76,07:58 PM,09:28 AM,07:18 AM,04:46 PM,-2,2,5,2,14,5,63,0.0,1030,9,10,319,9,washington
2011-12-14,10,2,0.0,7.0,2,68,09:03 PM,10:04 AM,07:19 AM,04:47 PM,1,4,6,4,11,36,72,0.0,1028,10,10,154,6,washington
2011-12-15,15,5,0.0,8.7,3,61,10:08 PM,10:36 AM,07:20 AM,04:47 PM,7,8,10,8,30,24,83,0.8,1018,15,10,200,18,washington
2011-12-16,8,5,0.0,8.7,2,54,11:15 PM,11:08 AM,07:20 AM,04:47 PM,3,5,8,5,23,38,71,0.6,1021,8,8,304,15,washington
2011-12-17,5,0,0.0,7.0,1,46,No moonrise,11:38 AM,07:21 AM,04:48 PM,-2,-1,3,-1,17,38,71,0.4,1023,5,9,325,12,washington
2011-12-18,5,-1,0.2,5.2,1,39,12:22 AM,12:09 PM,07:22 AM,04:48 PM,-3,-1,2,-1,12,47,72,0.6,1025,5,10,295,8,washington
2011-12-19,8,-0,0.0,8.7,1,32,01:31 AM,12:43 PM,07:22 AM,04:48 PM,-1,1,4,1,20,20,73,0.0,1022,8,10,207,12,washington
2011-12-20,13,5,0.0,7.0,2,25,02:42 AM,01:22 PM,07:23 AM,04:49 PM,6,7,9,7,12,49,83,1.2,1021,13,9,212,7,washington
2011-12-21,15,8,0.0,3.5,3,17,03:54 AM,02:06 PM,07:23 AM,04:49 PM,11,10,12,10,26,90,96,6.6,1014,15,7,196,15,washington
2011-12-22,15,10,0.0,5.2,3,10,05:04 AM,02:58 PM,07:24 AM,04:50 PM,9,11,12,11,14,56,85,3.2,1016,15,10,152,8,washington
2011-12-23,10,5,0.0,8.7,3,3,06:11 AM,03:57 PM,07:24 AM,04:50 PM,5,6,8,6,21,19,80,10.5,1018,10,9,311,14,washington
2011-12-24,8,3,0.0,8.7,3,0,07:11 AM,05:02 PM,07:25 AM,04:51 PM,-0,2,5,2,15,24,70,0.3,1029,8,10,233,10,washington
2011-12-25,9,0,0.0,8.7,3,0,08:01 AM,06:09 PM,07:25 AM,04:51 PM,1,1,4,1,16,12,78,0.0,1023,9,10,209,11,washington
2011-12-26,10,1,0.0,8.7,3,4,08:44 AM,07:17 PM,07:25 AM,04:52 PM,-0,1,4,1,21,14,73,0.0,1024,10,10,276,14,washington
2011-12-27,11,2,0.0,3.5,2,12,09:21 AM,08:22 PM,07:26 AM,04:53 PM,4,2,6,2,28,53,87,19.6,1009,11,9,188,16,washington
2011-12-28,6,-0,0.0,8.7,2,19,09:53 AM,09:25 PM,07:26 AM,04:53 PM,-2,-2,3,-2,29,13,73,0.0,1009,6,10,290,18,washington
2011-12-29,6,-0,0.0,5.2,1,26,10:21 AM,10:25 PM,07:26 AM,04:54 PM,-2,-0,3,-0,13,47,72,0.7,1017,6,8,218,8,washington
2011-12-30,11,1,0.0,8.7,3,33,10:48 AM,11:24 PM,07:27 AM,04:55 PM,3,3,6,3,19,32,82,0.0,1016,11,10,183,10,washington
2011-12-31,13,6,0.0,8.7,2,37,11:15 AM,No moonset,07:27 AM,04:56 PM,6,7,9,7,21,39,82,0.8,1014,13,9,266,13,washington
2012-01-01,12,6,0.0,8.7,2,48,11:42 AM,12:21 AM,07:27 AM,04:57 PM,6,7,9,7,24,14,83,1.4,1015,12,10,236,15,washington
2012-01-02,4,-0,0.0,7.0,2,55,12:11 PM,01:19 AM,07:27 AM,04:57 PM,-5,-3,2,-3,28,29,61,0.0,1013,4,10,285,18,washington
2012-01-03,-1,-6,0.0,7.0,1,62,12:44 PM,02:16 AM,07:27 AM,04:58 PM,-12,-9,-2,-9,31,35,49,0.4,1018,-1,7,303,23,washington
2012-01-04,0,-7,0.0,8.7,2,70,01:20 PM,03:14 AM,07:27 AM,04:59 PM,-15,-8,-3,-8,16,34,40,0.1,1022,0,10,246,12,washington
2012-01-05,6,-2,0.1,8.7,2,77,02:02 PM,04:10 AM,07:27 AM,05:00 PM,-4,-1,1,-1,15,24,68,0.1,1015,6,10,257,9,washington
2012-01-06,12,1,0.0,8.7,3,84,02:50 PM,05:05 AM,07:27 AM,05:01 PM,0,3,5,3,24,15,70,0.0,1014,12,10,225,13,washington
2012-01-07,1,-4,0.0,5.3,1,92,03:45 PM,05:56 AM,07:27 AM,05:02 PM,-5,-4,0,-4,17,56,72,0.4,1019,1,9,239,12,washington
2012-01-08,9,1,0.0,8.7,3,99,04:44 PM,06:43 AM,07:27 AM,05:03 PM,1,3,5,3,17,23,74,0.0,1024,9,10,321,10,washington
2012-01-09,4,-1,0.0,7.0,1,100,05:48 PM,07:26 AM,07:27 AM,05:04 PM,-3,-2,1,-2,20,49,74,0.0,1023,4,9,235,13,washington
2012-01-10,11,-1,0.0,8.7,3,87,06:53 PM,08:04 AM,07:27 AM,05:05 PM,1,2,4,2,14,7,80,0.0,1017,11,9,268,9,washington
2012-01-11,8,2,0.0,7.0,2,79,08:00 PM,08:39 AM,07:27 AM,05:06 PM,4,2,5,2,20,52,91,17.1,1013,8,9,110,12,washington
2012-01-12,13,6,0.0,8.7,3,72,09:07 PM,09:11 AM,07:27 AM,05:07 PM,8,8,10,8,20,48,90,20.2,999,13,9,203,13,washington
2012-01-13,3,-2,0.0,7.0,1,65,10:14 PM,09:42 AM,07:26 AM,05:08 PM,-5,-4,2,-4,34,28,62,1.4,1006,3,8,262,24,washington
2012-01-14,2,-3,0.0,8.7,2,58,11:23 PM,10:13 AM,07:26 AM,05:09 PM,-10,-5,-1,-5,19,32,50,0.0,1019,2,10,294,14,washington
2012-01-15,4,-4,0.0,8.7,2,50,No moonrise,10:46 AM,07:26 AM,05:10 PM,-10,-5,-1,-5,14,15,49,0.0,1029,4,10,266,11,washington
2012-01-16,4,-3,0.0,8.7,2,43,12:31 AM,11:22 AM,07:25 AM,05:11 PM,-8,-4,0,-4,22,26,55,2.1,1031,4,10,160,15,washington
2012-01-17,12,2,0.0,5.4,2,36,01:42 AM,12:03 PM,07:25 AM,05:12 PM,6,4,7,4,36,59,89,15.9,1013,12,8,208,21,washington
2012-01-18,4,-1,0.0,8.7,2,28,02:50 AM,12:50 PM,07:24 AM,05:13 PM,-3,-2,3,-2,28,12,66,0.0,1017,4,10,320,19,washington
2012-01-19,3,-1,0.0,8.7,2,21,03:57 AM,01:44 PM,07:24 AM,05:14 PM,-6,-2,2,-2,18,26,56,0.0,1020,3,10,176,12,washington
2012-01-20,1,-3,0.0,8.7,1,14,04:58 AM,02:45 PM,07:24 AM,05:15 PM,-9,-4,0,-4,16,39,52,0.0,1023,1,10,199,11,washington
2012-01-21,2,-3,2.0,5.4,1,7,05:51 AM,03:50 PM,07:23 AM,05:17 PM,-2,-5,-1,-5,17,70,93,11.2,1018,2,7,166,12,washington
2012-01-22,1,-4,0.0,5.4,1,0,06:37 AM,04:57 PM,07:22 AM,05:18 PM,-4,-5,-1,-5,12,57,86,0.7,1029,1,8,51,9,washington
2012-01-23,6,0,0.0,3.7,1,0,07:17 AM,06:03 PM,07:22 AM,05:19 PM,3,0,3,0,16,91,97,1.7,1020,6,5,183,10,washington
2012-01-24,12,4,0.0,8.7,3,0,07:51 AM,07:08 PM,07:21 AM,05:20 PM,4,5,7,5,13,19,84,0.0,1019,12,9,268,7,washington
2012-01-25,9,1,0.0,7.1,2,8,08:21 AM,08:09 PM,07:21 AM,05:21 PM,1,2,5,2,12,37,78,0.0,1026,9,10,200,8,washington
2012-01-26,12,5,0.0,3.8,2,15,08:49 AM,09:10 PM,07:20 AM,05:22 PM,7,7,8,7,14,82,92,1.8,1017,12,7,131,9,washington
2012-01-27,16,5,0.0,8.7,3,22,09:16 AM,10:08 PM,07:19 AM,05:23 PM,8,9,11,9,35,47,82,3.7,1005,16,10,246,22,washington
2012-01-28,11,1,0.0,8.7,3,29,09:44 AM,11:07 PM,07:18 AM,05:25 PM,1,3,5,3,21,10,72,0.0,1018,11,10,236,13,washington
2012-01-29,8,0,0.0,8.7,2,37,10:12 AM,No moonset,07:18 AM,05:26 PM,-6,-0,4,-0,22,17,51,0.1,1023,8,10,249,14,washington
2012-01-30,7,-1,0.0,8.7,2,44,10:43 AM,12:04 AM,07:17 AM,05:27 PM,-6,-1,3,-1,21,8,56,0.1,1027,7,10,251,14,washington
2012-01-31,15,3,0.0,8.7,4,48,11:18 AM,01:01 AM,07:16 AM,05:28 PM,3,6,8,6,28,7,69,0.0,1022,15,10,207,15,washington
2012-02-01,19,8,0.0,8.7,3,61,11:57 AM,01:58 AM,07:15 AM,05:29 PM,8,11,12,11,24,22,74,1.6,1017,19,9,264,13,washington
2012-02-02,12,4,0.0,5.4,2,68,12:41 PM,02:53 AM,07:14 AM,05:30 PM,6,7,9,7,16,57,84,20.5,1018,12,9,201,10,washington
2012-02-03,11,1,0.0,8.7,3,76,01:32 PM,03:46 AM,07:13 AM,05:32 PM,1,4,6,4,12,4,74,0.0,1030,11,10,277,9,washington
2012-02-04,7,1,0.0,5.5,1,83,02:29 PM,04:34 AM,07:12 AM,05:33 PM,2,2,4,2,9,67,86,2.4,1024,7,8,80,6,washington
2012-02-05,7,3,0.2,7.1,2,91,03:31 PM,05:19 AM,07:11 AM,05:34 PM,0,2,4,2,12,42,75,1.2,1021,7,7,173,9,washington
2012-02-06,11,2,0.0,8.7,3,99,04:36 PM,06:00 AM,07:10 AM,05:35 PM,1,3,6,3,14,1,71,0.0,1022,11,10,236,10,washington
2012-02-07,13,2,0.0,8.7,3,100,05:44 PM,06:37 AM,07:09 AM,05:36 PM,0,3,6,3,17,9,68,0.0,1021,13,10,240,11,washington
2012-02-08,6,2,0.2,3.9,1,86,06:52 PM,07:11 AM,07:08 AM,05:37 PM,1,1,4,1,12,83,82,4.8,1023,6,8,85,8,washington
2012-02-09,6,-2,0.1,8.7,2,79,08:02 PM,07:44 AM,07:07 AM,05:39 PM,-5,-2,2,-2,16,17,64,0.1,1023,6,10,285,11,washington
2012-02-10,8,-0,0.0,8.7,1,71,09:12 PM,08:15 AM,07:06 AM,05:40 PM,-1,3,4,3,8,39,70,2.2,1019,8,9,180,6,washington
2012-02-11,5,-5,0.5,3.9,1,64,10:22 PM,08:49 AM,07:05 AM,05:41 PM,-2,-3,1,-3,26,82,80,5.2,1009,5,4,251,19,washington
2012-02-12,-1,-6,0.0,8.7,1,56,11:33 PM,09:25 AM,07:04 AM,05:42 PM,-12,-11,-3,-11,34,32,51,0.4,1018,-1,7,301,26,washington
2012-02-13,7,-3,0.0,8.7,2,49,No moonrise,10:04 AM,07:02 AM,05:43 PM,-7,-2,1,-2,16,21,55,0.0,1021,7,10,246,11,washington
2012-02-14,10,0,0.0,8.7,2,41,12:42 AM,10:49 AM,07:01 AM,05:44 PM,-0,2,5,2,16,63,70,0.5,1017,10,9,187,10,washington
2012-02-15,11,2,0.0,8.7,3,34,01:49 AM,11:41 AM,07:00 AM,05:45 PM,1,3,6,3,17,13,74,0.0,1022,11,10,247,11,washington
2012-02-16,8,4,0.0,4.1,2,26,02:51 AM,12:37 PM,06:59 AM,05:46 PM,4,3,6,3,16,80,88,4.1,1021,8,7,165,10,washington
2012-02-17,11,4,0.0,8.7,3,18,03:46 AM,01:40 PM,06:58 AM,05:48 PM,2,4,7,4,17,12,75,0.0,1018,11,9,303,12,washington
2012-02-18,13,2,0.0,8.7,3,11,04:33 AM,02:44 PM,06:56 AM,05:49 PM,1,4,7,4,18,8,70,0.0,1018,13,10,230,12,washington
2012-02-19,7,2,1.7,8.7,1,3,05:14 AM,03:49 PM,06:55 AM,05:50 PM,-2,0,4,0,16,49,68,3.1,1017,7,9,71,11,washington
2012-02-20,9,-0,2.4,8.7,1,0,05:49 AM,04:53 PM,06:54 AM,05:51 PM,-2,0,4,0,17,26,68,2.9,1022,9,9,272,12,washington
2012-02-21,7,-1,0.0,8.7,2,0,06:21 AM,05:56 PM,06:52 AM,05:52 PM,-1,-0,3,-0,23,21,76,0.0,1021,7,10,178,15,washington
2012-02-22,15,4,0.0,8.7,3,0,06:50 AM,06:56 PM,06:51 AM,05:53 PM,5,7,9,7,22,28,79,4.3,1007,15,9,222,13,washington
2012-02-23,15,8,0.0,8.7,4,4,07:18 AM,07:56 PM,06:50 AM,05:54 PM,8,10,12,10,21,35,77,4.0,1002,15,10,219,12,washington
2012-02-24,18,6,0.0,5.7,3,11,07:45 AM,08:54 PM,06:48 AM,05:55 PM,9,10,12,10,24,58,82,6.7,999,18,8,170,15,washington
2012-02-25,6,0,0.0,8.7,2,19,08:13 AM,09:52 PM,06:47 AM,05:56 PM,-5,-2,3,-2,39,16,58,0.0,1013,6,10,281,26,washington
2012-02-26,11,-1,0.0,8.7,3,27,08:43 AM,10:50 PM,06:45 AM,05:57 PM,-3,1,4,1,15,0,59,0.0,1030,11,10,250,11,washington
2012-02-27,15,1,0.0,8.7,3,34,09:17 AM,11:46 PM,06:44 AM,05:58 PM,2,5,7,5,23,2,73,0.0,1027,15,10,205,15,washington
2012-02-28,12,2,0.0,8.7,3,42,09:53 AM,No moonset,06:43 AM,05:59 PM,-1,4,6,4,17,13,62,0.0,1029,12,10,268,11,washington
2012-02-29,14,4,0.0,5.8,2,49,10:35 AM,12:41 AM,06:41 AM,06:00 PM,8,6,9,6,20,74,92,50.8,1016,14,8,177,12,washington
2012-03-01,16,8,0.0,11.6,4,55,11:23 AM,01:35 AM,06:40 AM,06:01 PM,9,11,12,11,24,25,81,8.8,1007,16,10,291,14,washington
2012-03-02,11,4,0.0,8.7,2,62,12:15 PM,02:24 AM,06:38 AM,06:02 PM,5,6,8,6,15,43,81,2.0,1014,11,8,126,11,washington
2012-03-03,14,7,0.0,11.6,3,69,01:14 PM,03:10 AM,06:37 AM,06:03 PM,4,7,9,7,20,49,73,1.5,1004,14,10,247,12,washington
2012-03-04,7,1,0.0,11.6,3,77,02:16 PM,03:52 AM,06:35 AM,06:04 PM,-3,1,5,1,22,34,60,0.0,1008,7,10,318,15,washington
2012-03-05,6,-0,0.3,7.3,1,84,03:23 PM,04:30 AM,06:34 AM,06:06 PM,-4,-1,2,-1,19,43,62,1.6,1019,6,9,275,13,washington
2012-03-06,7,-1,0.0,11.6,2,91,04:30 PM,05:06 AM,06:32 AM,06:07 PM,-4,1,3,1,13,5,60,0.0,1036,7,10,235,9,washington
2012-03-07,17,2,0.0,11.6,4,98,05:41 PM,05:40 AM,06:31 AM,06:08 PM,5,6,9,6,30,8,77,0.0,1032,17,10,197,19,washington
2012-03-08,20,10,0.0,11.6,4,100,06:52 PM,06:13 AM,06:29 AM,06:09 PM,11,14,15,14,37,45,80,0.0,1022,20,10,204,23,washington
2012-03-09,12,4,0.0,11.6,3,87,08:04 PM,06:47 AM,06:28 AM,06:10 PM,1,6,9,6,27,27,60,1.2,1022,12,10,315,18,washington
2012-03-10,9,-1,0.0,11.6,2,80,09:18 PM,07:23 AM,06:26 AM,06:11 PM,-6,1,4,1,13,12,52,0.0,1033,9,10,249,10,washington
2012-03-11,15,2,0.0,11.6,3,73,10:30 PM,08:02 AM,06:25 AM,06:12 PM,1,5,8,5,19,4,65,0.0,1032,15,10,191,13,washington
2012-03-12,19,5,0.0,10.2,3,65,11:40 PM,08:47 AM,06:23 AM,06:13 PM,7,11,12,11,19,40,76,0.4,1025,19,9,192,12,washington
2012-03-13,24,13,0.0,11.6,4,58,No moonrise,09:38 AM,06:22 AM,06:14 PM,14,17,18,17,21,35,82,8.0,1018,24,9,227,13,washington
2012-03-14,27,14,0.0,11.6,6,51,12:44 AM,10:34 AM,06:20 AM,06:15 PM,12,19,19,19,15,7,67,0.5,1021,27,10,259,9,washington
2012-03-15,27,14,0.0,11.6,6,43,01:42 AM,11:35 AM,06:19 AM,06:15 PM,14,19,19,19,13,6,74,0.0,1022,27,10,150,8,washington
2012-03-16,18,10,0.0,8.8,3,36,02:31 AM,12:38 PM,06:17 AM,06:16 PM,11,13,13,13,10,52,86,1.2,1021,18,8,121,7,washington
2012-03-17,22,11,0.0,11.6,4,29,03:14 AM,01:42 PM,06:15 AM,06:17 PM,13,15,16,15,12,29,87,1.4,1024,22,9,118,8,washington
2012-03-18,20,11,0.0,11.6,4,22,03:50 AM,02:45 PM,06:14 AM,06:18 PM,11,13,14,13,11,31,85,0.6,1025,20,7,154,8,washington
2012-03-19,22,12,0.0,8.8,4,14,04:22 AM,03:47 PM,06:12 AM,06:19 PM,14,16,17,16,16,68,90,13.0,1022,22,6,160,9,washington
2012-03-20,23,14,0.0,8.8,4,7,04:52 AM,04:47 PM,06:11 AM,06:20 PM,15,17,18,17,10,64,88,1.5,1023,23,9,103,7,washington
2012-03-21,19,14,0.0,7.4,4,0,05:20 AM,05:46 PM,06:09 AM,06:21 PM,15,16,16,16,8,72,92,3.0,1025,19,6,115,5,washington
2012-03-22,24,14,0.0,10.2,4,0,05:47 AM,06:45 PM,06:08 AM,06:22 PM,17,18,19,18,9,53,90,5.9,1022,24,6,158,6,washington
2012-03-23,28,16,0.0,11.6,5,0,06:15 AM,07:43 PM,06:06 AM,06:23 PM,17,21,21,21,12,10,82,1.8,1017,28,7,127,8,washington
2012-03-24,18,13,0.0,6.1,4,7,06:45 AM,08:40 PM,06:05 AM,06:24 PM,15,15,16,15,19,89,94,15.9,1013,18,7,91,13,washington
2012-03-25,17,11,0.0,8.9,3,14,07:17 AM,09:37 PM,06:03 AM,06:25 PM,11,12,13,12,15,73,88,1.2,1009,17,7,58,11,washington
2012-03-26,13,5,0.0,11.6,4,22,07:53 AM,10:32 PM,06:01 AM,06:26 PM,3,7,10,7,30,6,64,0.1,1015,13,10,331,21,washington
2012-03-27,14,2,0.0,12.3,3,29,08:32 AM,11:26 PM,06:00 AM,06:27 PM,-4,4,7,4,15,5,49,0.0,1026,14,10,290,10,washington
2012-03-28,23,5,0.0,12.7,4,36,09:17 AM,No moonset,05:58 AM,06:28 PM,9,12,14,12,28,22,72,4.5,1011,23,10,223,16,washington
2012-03-29,17,10,0.0,12.7,4,44,10:07 AM,12:16 AM,05:57 AM,06:29 PM,7,12,13,12,21,7,69,0.0,1012,17,10,247,14,washington
2012-03-30,15,6,0.0,11.9,3,51,11:02 AM,01:03 AM,05:55 AM,06:30 PM,5,8,10,8,12,44,74,0.3,1017,15,10,95,9,washington
2012-03-31,17,7,0.0,9.3,3,55,12:01 PM,01:45 AM,05:54 AM,06:31 PM,9,10,12,10,16,69,86,2.0,1009,17,9,75,12,washington
2012-04-01,15,5,0.0,12.8,4,68,01:03 PM,02:24 AM,05:52 AM,06:32 PM,7,10,10,10,11,45,82,3.0,1009,15,9,150,7,washington
2012-04-02,14,5,0.0,12.8,4,75,02:09 PM,03:00 AM,05:51 AM,06:33 PM,4,8,10,8,22,12,69,6.8,1010,14,10,339,15,washington
2012-04-03,21,7,0.0,12.9,5,83,03:17 PM,03:34 AM,05:49 AM,06:34 PM,4,13,14,13,12,10,55,0.0,1014,21,10,275,7,washington
2012-04-04,23,12,0.0,12.9,4,91,04:26 PM,04:07 AM,05:48 AM,06:35 PM,10,16,16,16,20,15,68,0.7,1005,23,10,300,12,washington
2012-04-05,16,7,0.0,12.9,4,98,05:39 PM,04:40 AM,05:46 AM,06:36 PM,4,10,11,10,12,14,63,0.0,1011,16,10,53,8,washington
2012-04-06,14,4,0.0,12.9,4,100,06:52 PM,05:16 AM,05:45 AM,06:37 PM,0,6,9,6,22,5,56,0.0,1017,14,10,143,15,washington
2012-04-07,17,5,0.0,13.0,4,87,08:07 PM,05:55 AM,05:43 AM,06:38 PM,0,9,10,9,21,0,51,0.0,1021,17,10,323,14,washington
2012-04-08,20,6,0.0,13.0,5,79,09:21 PM,06:38 AM,05:42 AM,06:39 PM,3,11,13,11,24,20,54,0.0,1015,20,10,299,14,washington
2012-04-09,17,8,0.0,13.0,3,72,10:30 PM,07:28 AM,05:40 AM,06:40 PM,3,10,12,10,27,18,57,0.8,1012,17,9,280,17,washington
2012-04-10,15,7,0.0,13.0,3,64,11:33 PM,08:24 AM,05:39 AM,06:41 PM,3,9,10,9,24,27,62,0.7,1009,15,10,285,14,washington
2012-04-11,11,3,0.0,13.1,2,57,No moonrise,09:26 AM,05:37 AM,06:42 PM,0,3,6,3,24,29,65,1.4,1014,11,10,308,16,washington
2012-04-12,15,3,0.0,13.1,4,49,12:27 AM,10:30 AM,05:36 AM,06:43 PM,2,7,9,7,21,21,63,0.0,1020,15,10,313,14,washington
2012-04-13,22,6,0.0,13.1,5,42,01:13 AM,11:36 AM,05:34 AM,06:44 PM,4,12,13,12,12,8,56,0.0,1024,22,10,249,7,washington
2012-04-14,22,7,0.0,13.1,5,34,01:51 AM,12:39 PM,05:33 AM,06:45 PM,7,14,15,14,19,33,60,0.0,1022,22,10,211,12,washington
2012-04-15,27,14,0.0,13.2,5,26,02:25 AM,01:41 PM,05:31 AM,06:46 PM,15,20,20,19,18,44,75,9.4,1017,27,8,207,11,washington
2012-04-16,29,17,0.0,13.2,6,19,02:55 AM,02:41 PM,05:30 AM,06:47 PM,17,23,23,22,24,9,73,0.0,1016,29,10,209,14,washington
2012-04-17,22,15,0.0,13.2,5,11,03:24 AM,03:41 PM,05:28 AM,06:48 PM,11,18,18,18,21,7,63,0.0,1021,22,10,315,13,washington
2012-04-18,13,10,0.0,9.5,3,4,03:51 AM,04:38 PM,05:27 AM,06:49 PM,8,11,12,11,13,66,78,7.0,1023,13,8,124,8,washington
2012-04-19,21,9,0.0,13.2,5,0,04:18 AM,05:36 PM,05:26 AM,06:50 PM,11,15,16,15,7,33,80,0.9,1019,21,7,101,5,washington
2012-04-20,23,10,0.0,13.3,5,0,04:47 AM,06:33 PM,05:24 AM,06:50 PM,13,17,18,17,12,22,82,0.0,1013,23,7,173,8,washington
2012-04-21,26,12,0.0,13.3,5,0,05:19 AM,07:30 PM,05:23 AM,06:51 PM,14,17,18,17,21,56,82,5.4,1007,26,7,223,14,washington
2012-04-22,9,6,0.0,8.3,2,3,05:53 AM,08:26 PM,05:21 AM,06:52 PM,7,5,8,5,27,85,94,31.7,1004,9,8,216,18,washington
2012-04-23,8,5,0.0,9.6,2,11,06:31 AM,09:20 PM,05:20 AM,06:53 PM,4,2,6,2,27,82,87,3.0,996,8,8,275,19,washington
2012-04-24,15,4,0.0,13.4,4,19,07:14 AM,10:11 PM,05:19 AM,06:54 PM,3,7,9,7,20,28,68,0.1,1003,15,10,253,13,washington
2012-04-25,20,6,0.0,13.4,4,26,08:02 AM,10:59 PM,05:17 AM,06:55 PM,4,12,12,12,14,18,60,0.1,1010,20,10,239,9,washington
2012-04-26,19,10,0.0,10.8,4,34,08:55 AM,11:42 PM,05:16 AM,06:56 PM,13,14,14,14,17,63,89,6.8,1006,19,9,197,10,washington
2012-04-27,15,8,0.0,13.4,4,41,09:52 AM,No moonset,05:15 AM,06:57 PM,4,8,11,8,25,11,67,0.1,1017,15,10,314,16,washington
2012-04-28,17,4,0.0,13.3,3,49,10:51 AM,12:21 AM,05:14 AM,06:58 PM,3,9,10,9,12,38,65,1.3,1023,17,10,145,7,washington
2012-04-29,24,7,0.0,13.5,5,56,11:54 AM,12:57 AM,05:12 AM,06:59 PM,9,13,14,13,7,14,76,4.1,1022,24,9,246,5,washington
2012-04-30,17,8,0.0,11.0,3,64,12:58 PM,01:31 AM,05:11 AM,07:00 PM,9,11,13,11,17,56,77,0.1,1024,17,10,108,11,washington
2012-05-01,28,14,0.0,13.3,5,69,02:04 PM,02:03 AM,05:10 AM,07:01 PM,17,22,22,21,19,47,81,2.2,1016,28,9,218,12,washington
2012-05-02,26,13,0.0,13.3,5,76,03:14 PM,02:35 AM,05:09 AM,07:02 PM,17,20,20,20,11,29,85,0.7,1017,26,8,129,8,washington
2012-05-03,26,12,0.0,13.3,5,83,04:25 PM,03:09 AM,05:08 AM,07:03 PM,16,19,19,19,11,32,87,1.1,1019,26,6,150,8,washington
2012-05-04,30,17,0.0,13.3,5,91,05:39 PM,03:45 AM,05:06 AM,07:04 PM,20,24,24,22,10,51,89,7.5,1014,30,8,156,6,washington
2012-05-05,25,16,0.0,13.4,5,98,06:54 PM,04:26 AM,05:05 AM,07:05 PM,18,21,21,20,14,46,88,11.0,1012,25,8,93,9,washington
2012-05-06,21,14,0.0,9.9,4,100,08:07 PM,05:13 AM,05:04 AM,07:06 PM,15,17,17,17,12,76,91,0.3,1017,21,7,93,8,washington
2012-05-07,21,12,0.0,11.1,4,88,09:16 PM,06:08 AM,05:03 AM,07:07 PM,13,15,15,15,20,71,85,0.5,1018,21,5,157,13,washington
2012-05-08,22,13,0.0,11.1,4,80,10:15 PM,07:09 AM,05:02 AM,07:08 PM,16,17,18,17,24,67,88,5.4,1012,22,10,180,15,washington
2012-05-09,25,14,0.0,11.1,5,73,11:06 PM,08:15 AM,05:01 AM,07:09 PM,17,19,20,19,13,67,87,12.7,1006,25,8,281,9,washington
2012-05-10,18,11,0.0,14.1,5,66,11:49 PM,09:23 AM,05:00 AM,07:10 PM,9,13,14,13,26,15,73,0.0,1008,18,10,305,17,washington
2012-05-11,22,9,0.0,14.5,5,58,No moonrise,10:29 AM,04:59 AM,07:11 PM,6,14,15,14,19,3,58,0.0,1019,22,10,289,12,washington
2012-05-12,24,12,0.0,13.4,5,51,12:25 AM,11:33 AM,04:58 AM,07:12 PM,10,18,19,18,14,26,62,0.0,1024,24,10,236,8,washington
2012-05-13,26,14,0.0,12.3,5,44,12:57 AM,12:35 PM,04:57 AM,07:13 PM,15,19,20,19,17,41,80,4.0,1022,26,10,204,10,washington
2012-05-14,22,16,0.0,9.1,4,37,01:27 AM,01:35 PM,04:56 AM,07:14 PM,17,18,18,18,19,75,92,6.8,1018,22,10,158,12,washington
2012-05-15,26,18,0.0,12.4,5,29,01:54 AM,02:33 PM,04:55 AM,07:15 PM,19,22,22,21,13,56,89,24.7,1014,26,8,193,8,washington
2012-05-16,29,17,0.0,14.5,6,22,02:21 AM,03:31 PM,04:54 AM,07:15 PM,17,22,22,22,12,11,78,0.6,1013,29,10,241,7,washington
2012-05-17,24,14,0.0,14.5,5,15,02:50 AM,04:27 PM,04:53 AM,07:16 PM,12,17,17,17,16,6,71,0.0,1018,24,10,110,11,washington
2012-05-18,22,12,0.0,14.5,5,8,03:21 AM,05:25 PM,04:53 AM,07:17 PM,13,17,18,17,15,10,77,0.0,1021,22,10,78,9,washington
2012-05-19,26,10,0.0,14.5,6,0,03:54 AM,06:20 PM,04:52 AM,07:18 PM,12,18,18,18,10,14,71,0.0,1021,26,10,101,6,washington
2012-05-20,24,16,0.0,12.4,5,0,04:30 AM,07:15 PM,04:51 AM,07:19 PM,16,20,20,20,19,30,81,0.4,1020,24,10,53,12,washington
2012-05-21,22,17,0.0,10.3,4,0,05:13 AM,08:08 PM,04:50 AM,07:20 PM,18,19,19,19,18,87,97,13.5,1016,22,7,93,11,washington
2012-05-22,25,17,0.0,10.3,5,7,05:59 AM,08:56 PM,04:50 AM,07:21 PM,19,21,21,21,9,79,91,1.1,1011,25,5,106,5,washington
2012-05-23,26,15,0.0,10.3,5,14,06:50 AM,09:41 PM,04:49 AM,07:21 PM,19,22,22,21,8,74,91,2.4,1012,26,5,123,5,washington
2012-05-24,26,16,0.0,14.5,5,21,07:46 AM,10:21 PM,04:48 AM,07:22 PM,19,22,22,21,14,42,89,2.7,1017,26,7,128,9,washington
2012-05-25,29,18,0.0,13.4,6,29,08:44 AM,10:58 PM,04:48 AM,07:23 PM,21,24,24,23,13,53,88,2.1,1020,29,5,146,8,washington
2012-05-26,31,19,0.0,13.4,6,36,09:45 AM,11:32 PM,04:47 AM,07:24 PM,21,27,27,24,14,42,87,0.5,1020,31,6,176,9,washington
2012-05-27,29,19,0.0,14.5,7,43,10:47 AM,No moonset,04:47 AM,07:25 PM,21,26,26,24,16,34,84,0.0,1019,29,7,180,10,washington
2012-05-28,33,21,0.0,14.5,6,50,11:51 AM,12:03 AM,04:46 AM,07:25 PM,23,29,29,26,15,34,83,0.2,1015,33,7,182,9,washington
2012-05-29,30,22,0.0,14.5,6,58,12:57 PM,12:34 AM,04:46 AM,07:26 PM,22,28,28,25,21,26,87,4.9,1010,30,9,208,13,washington
2012-05-30,27,20,0.0,13.5,5,65,02:05 PM,01:06 AM,04:45 AM,07:27 PM,20,24,24,23,10,37,86,1.6,1008,27,7,235,6,washington
2012-05-31,28,17,0.0,14.5,6,69,03:15 PM,01:40 AM,04:45 AM,07:28 PM,16,23,23,22,14,13,71,0.0,1010,28,10,185,9,washington
2012-06-01,26,18,0.0,13.5,5,83,04:28 PM,02:17 AM,04:44 AM,07:28 PM,20,23,23,22,23,46,91,32.8,1009,26,8,144,14,washington
2012-06-02,23,13,0.0,14.5,5,90,05:42 PM,03:00 AM,04:44 AM,07:29 PM,13,17,18,17,16,20,74,17.1,1009,23,9,300,11,washington
2012-06-03,25,12,0.0,14.5,5,98,06:52 PM,03:50 AM,04:44 AM,07:30 PM,13,18,19,18,17,14,70,1.5,1009,25,10,260,10,washington
2012-06-04,22,14,0.0,14.5,5,100,07:57 PM,04:48 AM,04:43 AM,07:30 PM,13,17,18,17,21,19,75,0.3,1005,22,10,230,13,washington
2012-06-05,20,12,0.0,13.5,4,87,08:54 PM,05:53 AM,04:43 AM,07:31 PM,13,15,15,15,12,51,84,5.6,1011,20,10,65,8,washington
2012-06-06,24,11,0.0,14.5,5,80,09:42 PM,07:01 AM,04:43 AM,07:31 PM,13,17,18,17,10,17,79,1.0,1015,24,9,206,5,washington
2012-06-07,26,13,0.0,14.5,5,72,10:22 PM,08:10 AM,04:43 AM,07:32 PM,14,19,20,19,12,17,76,1.2,1015,26,8,292,7,washington
2012-06-08,28,14,0.0,14.5,6,65,10:57 PM,09:18 AM,04:42 AM,07:33 PM,14,22,22,21,13,12,66,0.0,1015,28,10,298,8,washington
2012-06-09,31,16,0.0,14.5,7,57,11:28 PM,10:22 AM,04:42 AM,07:33 PM,16,24,24,23,17,6,64,0.0,1015,31,10,256,10,washington
2012-06-10,32,18,0.0,14.5,7,50,11:57 PM,11:25 AM,04:42 AM,07:34 PM,18,27,27,25,12,4,65,0.0,1018,32,10,198,7,washington
2012-06-11,30,20,0.0,14.5,6,42,No moonrise,12:24 PM,04:42 AM,07:34 PM,20,26,26,24,16,28,77,0.5,1019,30,10,188,10,washington
2012-06-12,24,20,0.0,10.4,5,34,12:24 AM,01:23 PM,04:42 AM,07:34 PM,21,23,23,22,18,80,97,20.0,1013,24,7,183,11,washington
2012-06-13,24,18,0.0,14.5,6,27,12:53 AM,02:20 PM,04:42 AM,07:35 PM,17,21,22,21,23,27,79,0.0,1014,24,9,302,15,washington
2012-06-14,24,15,0.0,12.4,5,19,01:23 AM,03:18 PM,04:42 AM,07:35 PM,17,20,20,20,18,45,85,1.4,1021,24,9,63,11,washington
2012-06-15,25,16,0.0,14.5,6,12,01:55 AM,04:14 PM,04:42 AM,07:36 PM,17,21,21,20,13,39,84,0.4,1024,25,8,82,9,washington
2012-06-16,26,15,0.0,14.5,6,4,02:30 AM,05:10 PM,04:42 AM,07:36 PM,15,21,21,20,13,32,77,0.0,1024,26,10,96,8,washington
2012-06-17,23,12,0.0,14.5,6,0,03:10 AM,06:03 PM,04:42 AM,07:36 PM,16,19,19,19,13,19,84,0.0,1020,23,7,132,9,washington
2012-06-18,21,14,0.0,9.3,4,0,03:56 AM,06:53 PM,04:42 AM,07:37 PM,16,17,18,17,14,89,91,6.1,1018,21,7,148,9,washington
2012-06-19,31,16,0.0,13.5,6,0,04:45 AM,07:40 PM,04:43 AM,07:37 PM,21,25,25,23,11,55,89,2.8,1019,31,8,174,7,washington
2012-06-20,36,21,0.0,14.5,8,3,05:41 AM,08:22 PM,04:43 AM,07:37 PM,23,33,33,28,10,30,75,0.0,1018,36,8,233,6,washington
2012-06-21,37,23,0.0,14.5,8,11,06:38 AM,09:00 PM,04:43 AM,07:37 PM,22,33,33,29,12,7,69,0.1,1013,37,10,240,7,washington
2012-06-22,35,22,0.0,14.5,6,18,07:39 AM,09:35 PM,04:43 AM,07:37 PM,22,32,32,28,8,27,73,1.3,1009,35,10,299,5,washington
2012-06-23,31,19,0.0,14.5,7,26,08:41 AM,10:07 PM,04:43 AM,07:38 PM,19,26,26,24,11,24,75,0.2,1013,31,9,286,7,washington
2012-06-24,30,19,0.0,14.5,6,33,09:44 AM,10:37 PM,04:44 AM,07:38 PM,18,26,26,24,13,25,68,2.2,1014,30,10,199,7,washington
2012-06-25,28,17,0.0,14.5,6,41,10:48 AM,11:08 PM,04:44 AM,07:38 PM,17,24,24,23,21,16,72,2.3,1008,28,9,286,12,washington
2012-06-26,24,14,0.0,14.5,6,48,11:53 AM,11:40 PM,04:44 AM,07:38 PM,11,18,19,18,20,9,64,0.0,1011,24,10,322,13,washington
2012-06-27,30,16,0.0,14.5,7,56,01:01 PM,No moonset,04:45 AM,07:38 PM,14,23,23,22,20,5,61,0.0,1012,30,10,302,13,washington
2012-06-28,34,19,0.0,14.5,7,63,02:10 PM,12:14 AM,04:45 AM,07:38 PM,17,27,27,26,16,5,60,0.0,1010,34,10,239,9,washington
2012-06-29,40,21,0.0,14.5,7,71,03:21 PM,12:53 AM,04:46 AM,07:38 PM,23,37,37,30,16,14,69,7.7,1006,40,9,242,9,washington
2012-06-30,34,22,0.0,14.5,7,78,04:31 PM,01:39 AM,04:46 AM,07:38 PM,21,31,31,28,14,13,67,0.4,1009,34,10,248,9,washington
2012-07-01,37,21,0.0,14.5,8,83,05:38 PM,02:31 AM,04:47 AM,07:38 PM,21,33,33,29,10,9,64,0.0,1011,37,10,272,7,washington
2012-07-02,32,20,0.0,14.5,7,90,06:38 PM,03:32 AM,04:47 AM,07:38 PM,19,28,28,26,12,20,65,1.2,1013,32,10,251,7,washington
2012-07-03,36,21,0.0,14.5,8,97,07:31 PM,04:38 AM,04:48 AM,07:37 PM,20,31,31,28,10,9,63,0.0,1013,36,10,238,6,washington
2012-07-04,36,23,0.0,14.5,7,100,08:15 PM,05:48 AM,04:48 AM,07:37 PM,21,32,32,29,14,14,66,1.2,1011,36,10,254,8,washington
2012-07-05,29,24,0.0,14.5,7,88,08:53 PM,06:57 AM,04:49 AM,07:37 PM,24,32,32,28,16,5,82,0.1,1010,29,10,307,10,washington
2012-07-06,27,24,0.0,14.5,6,81,09:27 PM,08:04 AM,04:49 AM,07:37 PM,23,30,30,26,13,15,82,0.9,1012,27,9,143,8,washington
2012-07-07,30,26,0.0,14.5,7,73,09:57 PM,09:09 AM,04:50 AM,07:36 PM,22,34,34,29,16,6,68,0.0,1012,30,10,241,9,washington
2012-07-08,35,26,0.0,14.5,7,66,10:26 PM,10:11 AM,04:51 AM,07:36 PM,24,36,36,29,11,11,75,4.1,1011,35,10,163,6,washington
2012-07-09,29,22,0.0,14.5,6,59,10:54 PM,11:12 AM,04:51 AM,07:36 PM,22,28,28,25,11,31,83,8.6,1013,29,9,107,7,washington
2012-07-10,30,20,0.0,14.5,6,52,11:24 PM,12:10 PM,04:52 AM,07:35 PM,20,27,27,25,10,15,79,2.1,1016,30,9,106,7,washington
2012-07-11,30,20,0.0,14.5,7,44,11:55 PM,01:09 PM,04:53 AM,07:35 PM,20,26,26,25,12,10,77,0.6,1019,30,9,103,8,washington
2012-07-12,29,19,0.0,14.5,7,37,No moonrise,02:05 PM,04:53 AM,07:34 PM,19,26,26,24,11,7,74,0.0,1022,29,10,117,7,washington
2012-07-13,30,20,0.0,14.5,7,30,12:29 AM,03:01 PM,04:54 AM,07:34 PM,18,25,25,24,8,35,70,0.2,1022,30,10,175,5,washington
2012-07-14,30,19,0.0,11.3,6,23,01:08 AM,03:56 PM,04:55 AM,07:33 PM,21,27,27,24,10,54,83,9.9,1021,30,10,154,6,washington
2012-07-15,34,23,0.0,14.5,6,15,01:51 AM,04:47 PM,04:55 AM,07:33 PM,24,31,31,27,14,36,83,5.4,1017,34,10,228,9,washington
2012-07-16,34,22,0.0,14.5,6,8,02:39 AM,05:36 PM,04:56 AM,07:32 PM,22,31,31,27,11,25,76,1.9,1012,34,8,263,7,washington
2012-07-17,37,23,0.0,14.5,8,1,03:33 AM,06:20 PM,04:57 AM,07:32 PM,21,32,32,29,14,13,63,0.3,1011,37,10,252,8,washington
2012-07-18,37,24,0.0,14.5,7,0,04:30 AM,07:00 PM,04:58 AM,07:31 PM,23,35,35,30,12,21,68,0.3,1011,37,10,265,7,washington
2012-07-19,32,24,0.0,14.5,6,0,05:31 AM,07:37 PM,04:59 AM,07:30 PM,24,31,31,27,12,27,82,17.8,1012,32,9,225,7,washington
2012-07-20,29,19,0.0,13.4,6,6,06:33 AM,08:10 PM,04:59 AM,07:30 PM,22,27,27,24,12,62,88,2.2,1012,29,8,112,9,washington
2012-07-21,20,18,0.0,8.9,4,14,07:37 AM,08:41 PM,05:00 AM,07:29 PM,18,19,19,19,13,96,96,10.5,1017,20,7,48,9,washington
2012-07-22,28,18,0.0,12.3,5,21,08:41 AM,09:12 PM,05:01 AM,07:28 PM,20,25,25,23,8,53,88,0.8,1020,28,7,129,5,washington
2012-07-23,33,20,0.0,14.3,7,28,09:46 AM,09:44 PM,05:02 AM,07:27 PM,22,29,29,26,13,44,77,0.0,1016,33,8,221,8,washington
2012-07-24,36,23,0.0,14.2,7,35,10:53 AM,10:17 PM,05:03 AM,07:27 PM,22,32,32,28,23,14,73,0.7,1008,36,10,273,14,washington
2012-07-25,33,22,0.0,14.2,7,43,12:00 PM,10:54 PM,05:04 AM,07:26 PM,18,28,28,26,14,2,65,0.0,1012,33,10,167,8,washington
2012-07-26,36,21,0.0,14.2,7,50,01:09 PM,11:36 PM,05:04 AM,07:25 PM,22,33,33,28,20,15,70,0.1,1007,36,10,204,12,washington
2012-07-27,34,23,0.0,14.2,8,57,02:18 PM,No moonset,05:05 AM,07:24 PM,22,32,32,28,9,17,70,1.3,1009,34,10,237,6,washington
2012-07-28,33,23,0.0,14.2,6,65,03:24 PM,12:23 AM,05:06 AM,07:23 PM,22,31,31,27,10,17,75,4.4,1012,33,9,308,6,washington
2012-07-29,24,21,0.0,14.2,6,72,04:25 PM,01:19 AM,05:07 AM,07:22 PM,20,23,25,23,16,7,84,0.0,1014,24,10,214,8,washington
2012-07-30,28,21,0.0,14.1,6,79,05:20 PM,02:21 AM,05:08 AM,07:21 PM,21,27,27,24,14,19,84,4.4,1016,28,8,114,9,washington
2012-07-31,28,21,0.0,13.4,6,83,06:07 PM,03:28 AM,05:09 AM,07:20 PM,22,27,27,24,14,35,87,16.2,1014,28,9,128,8,washington
2012-08-01,32,21,0.0,13.4,6,94,06:48 PM,04:36 AM,05:10 AM,07:19 PM,22,28,28,26,10,24,81,7.0,1011,32,9,208,6,washington
2012-08-02,32,21,0.0,14.1,6,100,07:24 PM,05:45 AM,05:11 AM,07:18 PM,23,30,30,26,11,11,81,3.8,1012,32,8,149,6,washington
2012-08-03,33,22,0.0,14.1,6,100,07:56 PM,06:51 AM,05:11 AM,07:17 PM,23,31,31,27,15,24,82,3.0,1015,33,9,171,9,washington
2012-08-04,32,23,0.0,14.0,6,85,08:26 PM,07:55 AM,05:12 AM,07:16 PM,23,31,31,27,18,11,83,2.7,1020,32,8,169,12,washington
2012-08-05,33,24,0.0,14.0,6,77,08:55 PM,08:57 AM,05:13 AM,07:15 PM,23,31,31,27,25,27,82,6.6,1018,33,9,206,15,washington
2012-08-06,31,23,0.0,14.0,6,70,09:25 PM,09:58 AM,05:14 AM,07:14 PM,22,29,29,26,14,33,82,4.6,1016,31,9,200,8,washington
2012-08-07,29,21,0.0,12.2,6,63,09:55 PM,10:56 AM,05:15 AM,07:12 PM,19,27,27,25,11,46,73,1.7,1014,29,9,197,7,washington
2012-08-08,31,22,0.0,13.3,6,55,10:28 PM,11:54 AM,05:16 AM,07:11 PM,22,29,29,26,10,50,77,3.7,1014,31,10,150,6,washington
2012-08-09,33,22,0.0,13.9,7,48,11:05 PM,12:51 PM,05:17 AM,07:10 PM,23,30,30,27,12,10,80,1.4,1012,33,8,177,8,washington
2012-08-10,30,22,0.0,13.3,6,41,11:47 PM,01:46 PM,05:18 AM,07:09 PM,22,27,27,25,16,39,85,4.9,1008,30,8,170,10,washington
2012-08-11,23,21,0.0,13.9,5,34,No moonrise,02:39 PM,05:19 AM,07:07 PM,21,25,25,23,15,29,93,9.3,1010,23,9,231,8,washington
2012-08-12,30,17,0.0,13.9,6,26,12:32 AM,03:29 PM,05:20 AM,07:06 PM,18,23,23,22,10,18,76,2.0,1014,30,10,282,6,washington
2012-08-13,29,18,0.0,13.8,6,19,01:24 AM,04:14 PM,05:21 AM,07:05 PM,19,26,26,24,10,28,75,0.6,1015,29,10,214,6,washington
2012-08-14,29,21,0.0,13.8,6,12,02:19 AM,04:56 PM,05:21 AM,07:04 PM,22,27,27,25,12,30,84,12.3,1012,29,9,177,7,washington
2012-08-15,28,21,0.0,13.8,6,5,03:18 AM,05:34 PM,05:22 AM,07:02 PM,20,25,25,24,10,18,80,1.4,1011,28,10,320,6,washington
2012-08-16,31,19,0.0,13.8,7,0,04:20 AM,06:09 PM,05:23 AM,07:01 PM,17,26,26,24,13,12,68,0.0,1014,31,10,284,8,washington
2012-08-17,32,19,0.0,13.8,7,0,05:24 AM,06:42 PM,05:24 AM,07:00 PM,17,26,26,25,15,21,64,0.1,1011,32,10,228,9,washington
2012-08-18,28,19,0.0,13.3,6,2,06:29 AM,07:15 PM,05:25 AM,06:58 PM,17,23,23,23,12,17,72,0.0,1012,28,10,118,8,washington
2012-08-19,25,17,0.0,13.3,5,10,07:36 AM,07:47 PM,05:26 AM,06:57 PM,17,21,21,21,10,32,82,3.3,1013,25,10,110,6,washington
2012-08-20,25,17,0.0,12.0,5,17,08:43 AM,08:20 PM,05:27 AM,06:55 PM,18,21,21,21,9,48,86,5.5,1012,25,9,144,5,washington
2012-08-21,29,17,0.0,13.3,5,24,09:52 AM,08:56 PM,05:28 AM,06:54 PM,18,22,22,22,10,16,80,0.4,1016,29,9,155,6,washington
2012-08-22,29,16,0.0,13.2,7,32,11:01 AM,09:37 PM,05:29 AM,06:53 PM,19,24,24,23,7,9,79,1.2,1019,29,8,172,4,washington
2012-08-23,29,18,0.0,13.2,6,39,12:10 PM,10:22 PM,05:30 AM,06:51 PM,19,25,25,24,8,12,77,0.6,1020,29,9,154,5,washington
2012-08-24,30,20,0.0,13.2,7,46,01:16 PM,11:14 PM,05:31 AM,06:50 PM,18,25,25,24,9,18,73,0.0,1020,30,10,151,6,washington
2012-08-25,23,20,0.0,10.7,5,53,02:18 PM,No moonset,05:31 AM,06:48 PM,19,21,22,21,19,56,87,13.2,1021,23,9,78,11,washington
2012-08-26,26,20,0.0,13.2,5,61,03:13 PM,12:13 AM,05:32 AM,06:47 PM,21,24,24,23,20,45,92,27.8,1021,26,8,103,12,washington
2012-08-27,30,20,0.0,13.1,6,68,04:02 PM,01:16 AM,05:33 AM,06:45 PM,22,27,27,24,14,37,87,2.2,1018,30,8,194,8,washington
2012-08-28,31,21,0.0,13.1,7,75,04:44 PM,02:22 AM,05:34 AM,06:44 PM,19,28,28,25,16,18,72,0.0,1012,31,9,286,10,washington
2012-08-29,29,20,0.0,13.1,6,82,05:21 PM,03:29 AM,05:35 AM,06:42 PM,17,23,23,23,11,14,70,0.0,1014,29,10,113,7,washington
2012-08-30,32,18,0.0,13.1,7,90,05:55 PM,04:35 AM,05:36 AM,06:41 PM,20,27,27,25,8,7,78,0.1,1018,32,10,163,5,washington
2012-08-31,36,23,0.0,13.0,8,94,06:25 PM,05:40 AM,05:37 AM,06:39 PM,21,31,31,28,13,0,67,0.0,1017,36,9,252,9,washington
2012-09-01,34,24,0.0,13.0,6,100,06:55 PM,06:42 AM,05:38 AM,06:38 PM,22,31,31,28,14,14,73,1.7,1016,34,10,294,8,washington
2012-09-02,30,23,0.0,10.7,6,84,07:25 PM,07:44 AM,05:39 AM,06:36 PM,23,29,29,26,7,52,87,5.2,1016,30,9,165,4,washington
2012-09-03,29,22,0.0,12.9,6,77,07:55 PM,08:43 AM,05:40 AM,06:34 PM,23,28,28,25,13,48,90,10.6,1016,29,8,144,8,washington
2012-09-04,25,22,0.0,11.9,5,69,08:28 PM,09:42 AM,05:40 AM,06:33 PM,22,26,26,23,17,55,95,6.4,1014,25,5,190,9,washington
2012-09-05,24,23,0.0,9.4,5,62,09:03 PM,10:39 AM,05:41 AM,06:31 PM,23,26,26,23,16,61,97,8.5,1010,24,4,209,10,washington
2012-09-06,32,21,0.0,12.9,6,54,09:43 PM,11:36 AM,05:42 AM,06:30 PM,23,29,29,25,9,20,89,8.9,1012,32,8,128,6,washington
2012-09-07,33,20,0.0,12.9,7,46,10:26 PM,12:29 PM,05:43 AM,06:28 PM,21,28,28,26,13,7,79,0.9,1012,33,9,203,8,washington
2012-09-08,30,16,0.0,11.9,5,39,11:15 PM,01:20 PM,05:44 AM,06:27 PM,20,24,24,22,18,58,87,5.5,1007,30,7,196,12,washington
2012-09-09,25,15,0.0,12.8,6,31,No moonrise,02:06 PM,05:45 AM,06:25 PM,13,19,20,19,16,15,69,0.0,1011,25,10,322,10,washington
2012-09-10,23,14,0.0,12.8,5,24,12:07 AM,02:49 PM,05:46 AM,06:23 PM,11,18,18,18,20,4,65,0.0,1018,23,10,336,12,washington
2012-09-11,27,14,0.0,12.8,6,16,01:05 AM,03:29 PM,05:47 AM,06:22 PM,12,19,20,19,9,7,63,0.0,1024,27,10,126,5,washington
2012-09-12,28,14,0.0,12.7,6,9,02:05 AM,04:05 PM,05:48 AM,06:20 PM,14,21,21,21,11,0,69,0.0,1026,28,10,187,7,washington
2012-09-13,29,15,0.0,12.7,6,1,03:08 AM,04:39 PM,05:48 AM,06:19 PM,16,22,22,21,10,0,74,0.0,1026,29,10,180,7,washington
2012-09-14,28,16,0.0,12.7,5,0,04:12 AM,05:12 PM,05:49 AM,06:17 PM,17,22,22,21,10,16,77,0.0,1022,28,8,214,6,washington
2012-09-15,24,15,0.0,12.7,5,0,05:19 AM,05:45 PM,05:50 AM,06:15 PM,12,19,19,19,16,15,67,0.0,1021,24,10,300,11,washington
2012-09-16,25,12,0.0,12.6,5,0,06:27 AM,06:19 PM,05:51 AM,06:14 PM,12,19,19,19,10,16,68,0.0,1019,25,10,277,6,washington
2012-09-17,25,14,0.0,11.9,5,6,07:37 AM,06:55 PM,05:52 AM,06:12 PM,15,19,20,19,12,31,79,0.5,1018,25,9,177,8,washington
2012-09-18,24,18,0.0,7.9,5,14,08:48 AM,07:35 PM,05:53 AM,06:11 PM,20,21,22,21,27,93,97,16.0,1007,24,8,195,17,washington
2012-09-19,24,15,0.0,12.6,5,21,09:59 AM,08:20 PM,05:54 AM,06:09 PM,12,18,18,18,14,22,72,0.0,1017,24,10,215,10,washington
2012-09-20,25,14,0.0,12.5,6,29,11:08 AM,09:12 PM,05:55 AM,06:07 PM,13,19,19,19,12,1,70,0.0,1019,25,10,126,8,washington
2012-09-21,26,15,0.0,12.5,6,36,12:12 PM,10:08 PM,05:55 AM,06:06 PM,16,20,20,20,13,3,79,0.0,1016,26,10,162,9,washington
2012-09-22,28,16,0.0,12.5,6,44,01:09 PM,11:11 PM,05:56 AM,06:04 PM,16,22,22,21,20,29,75,0.1,1011,28,9,223,13,washington
2012-09-23,23,11,0.0,12.5,5,51,02:00 PM,No moonset,05:57 AM,06:03 PM,9,15,16,15,13,4,65,0.0,1018,23,10,323,9,washington
2012-09-24,24,11,0.0,12.4,5,59,02:43 PM,12:15 AM,05:58 AM,06:01 PM,7,15,16,15,14,10,57,0.1,1021,24,10,281,8,washington
2012-09-25,23,11,0.0,12.4,5,66,03:21 PM,01:21 AM,05:59 AM,06:00 PM,10,16,17,16,19,14,65,0.0,1021,23,10,198,13,washington
2012-09-26,28,14,0.0,11.6,6,74,03:55 PM,02:25 AM,06:00 AM,05:58 PM,15,21,21,20,21,18,75,1.5,1019,28,10,212,12,washington
2012-09-27,30,17,0.0,8.7,5,82,04:26 PM,03:29 AM,06:01 AM,05:56 PM,18,23,23,22,13,32,80,7.6,1019,30,10,177,7,washington
2012-09-28,26,16,0.0,7.2,5,89,04:56 PM,04:31 AM,06:02 AM,05:55 PM,17,20,21,20,12,44,82,3.6,1016,26,10,276,7,washington
2012-09-29,22,12,0.0,8.7,5,97,05:26 PM,05:32 AM,06:03 AM,05:53 PM,10,15,16,15,12,13,74,1.0,1014,22,10,249,8,washington
2012-09-30,22,12,0.0,8.7,4,100,05:56 PM,06:32 AM,06:04 AM,05:52 PM,10,16,16,16,13,22,72,1.0,1011,22,10,287,8,washington
2012-10-01,21,11,0.0,8.7,5,100,06:27 PM,07:31 AM,06:04 AM,05:50 PM,12,16,16,16,9,29,80,0.5,1013,21,9,187,6,washington
2012-10-02,25,16,0.0,4.3,5,85,07:02 PM,08:29 AM,06:05 AM,05:49 PM,20,20,21,20,9,97,96,4.8,1013,25,5,94,6,washington
2012-10-03,29,22,0.0,8.7,6,78,07:40 PM,09:26 AM,06:06 AM,05:47 PM,21,27,27,24,10,73,82,0.1,1017,29,6,190,6,washington
2012-10-04,27,19,0.0,7.2,5,70,08:22 PM,10:20 AM,06:07 AM,05:46 PM,18,25,25,23,12,33,77,0.0,1019,27,9,263,7,washington
2012-10-05,30,17,0.0,8.7,6,63,09:08 PM,11:12 AM,06:08 AM,05:44 PM,15,23,23,22,15,2,67,0.0,1018,30,10,254,9,washington
2012-10-06,23,12,0.0,7.2,4,56,09:59 PM,11:59 AM,06:09 AM,05:43 PM,11,17,17,17,22,33,69,0.2,1013,23,10,269,14,washington
2012-10-07,12,8,0.0,4.2,3,49,10:53 PM,12:43 PM,06:10 AM,05:41 PM,8,9,10,9,12,60,84,6.3,1019,12,8,137,8,washington
2012-10-08,12,5,0.0,5.7,2,41,11:51 PM,01:24 PM,06:11 AM,05:40 PM,6,7,8,7,13,54,87,2.0,1024,12,8,152,8,washington
2012-10-09,18,8,0.0,7.2,3,34,No moonrise,02:01 PM,06:12 AM,05:38 PM,9,11,12,11,12,61,86,1.0,1020,18,8,120,8,washington
2012-10-10,20,9,0.0,8.7,4,27,12:51 AM,02:35 PM,06:13 AM,05:37 PM,10,14,15,14,14,37,77,0.1,1015,20,7,235,9,washington
2012-10-11,19,7,0.0,8.7,4,20,01:53 AM,03:08 PM,06:14 AM,05:35 PM,4,10,12,10,14,2,63,0.0,1023,19,10,254,10,washington
2012-10-12,17,8,0.0,8.7,4,12,02:58 AM,03:40 PM,06:15 AM,05:34 PM,5,10,11,10,20,5,67,0.0,1024,17,10,263,13,washington
2012-10-13,15,5,0.0,8.7,4,5,04:05 AM,04:13 PM,06:16 AM,05:32 PM,1,8,10,8,16,5,58,0.0,1030,15,10,117,10,washington
2012-10-14,21,8,0.0,8.7,5,0,05:14 AM,04:49 PM,06:17 AM,05:31 PM,9,14,15,14,27,11,70,0.0,1021,21,10,192,16,washington
2012-10-15,21,12,0.0,5.7,4,0,06:26 AM,05:28 PM,06:18 AM,05:29 PM,14,16,17,16,25,48,87,7.3,1008,21,9,243,15,washington
2012-10-16,17,9,0.0,8.7,4,2,07:39 AM,06:12 PM,06:19 AM,05:28 PM,8,12,13,12,16,5,76,0.0,1012,17,10,275,11,washington
2012-10-17,19,8,0.0,8.7,5,9,08:51 AM,07:03 PM,06:20 AM,05:26 PM,9,13,13,13,13,11,78,0.0,1014,19,10,209,7,washington
2012-10-18,21,9,0.0,7.2,4,17,10:00 AM,08:00 PM,06:21 AM,05:25 PM,12,14,15,14,20,36,84,5.4,1012,21,9,153,13,washington
2012-10-19,23,16,0.0,7.2,4,24,11:02 AM,09:02 PM,06:22 AM,05:24 PM,16,18,19,18,13,49,88,10.7,1006,23,8,191,8,washington
2012-10-20,19,10,0.0,8.7,4,31,11:56 AM,10:08 PM,06:23 AM,05:22 PM,8,12,13,12,16,26,72,0.0,1009,19,10,299,9,washington
2012-10-21,18,8,0.0,8.7,4,38,12:42 PM,11:14 PM,06:24 AM,05:21 PM,7,11,13,11,17,2,72,0.0,1018,18,10,302,11,washington
2012-10-22,23,9,0.0,8.7,5,46,01:22 PM,No moonset,06:25 AM,05:20 PM,9,14,16,14,13,2,68,0.0,1021,23,10,272,8,washington
2012-10-23,25,12,0.0,8.7,4,53,01:57 PM,12:19 AM,06:26 AM,05:18 PM,11,17,18,17,15,18,68,0.3,1019,25,10,195,8,washington
2012-10-24,28,15,0.0,8.7,5,60,02:29 PM,01:23 AM,06:27 AM,05:17 PM,15,20,20,20,9,24,78,0.7,1019,28,10,191,5,washington
2012-10-25,22,14,0.0,7.2,4,67,02:59 PM,02:24 AM,06:28 AM,05:16 PM,15,17,17,17,16,63,90,0.1,1021,22,4,98,10,washington
2012-10-26,20,14,0.0,4.1,4,75,03:28 PM,03:25 AM,06:29 AM,05:14 PM,15,17,17,17,12,83,92,0.7,1020,20,3,69,7,washington
2012-10-27,20,14,0.0,8.7,4,82,03:57 PM,04:24 AM,06:30 AM,05:13 PM,13,16,16,16,19,46,82,0.0,1013,20,7,57,13,washington
2012-10-28,15,12,0.0,4.1,3,89,04:28 PM,05:23 AM,06:31 AM,05:12 PM,11,12,13,12,26,79,85,5.6,1006,15,10,108,18,washington
2012-10-29,11,5,0.0,4.0,2,97,05:02 PM,06:20 AM,06:32 AM,05:11 PM,8,4,9,4,48,100,95,172.4,985,11,6,272,33,washington
2012-10-30,4,3,0.0,4.0,1,100,05:39 PM,07:18 AM,06:34 AM,05:09 PM,4,-0,4,-0,25,94,97,50.3,986,4,6,202,18,washington
2012-10-31,11,3,0.0,7.1,2,100,06:19 PM,08:13 AM,06:35 AM,05:08 PM,4,4,7,4,15,58,85,0.0,1001,11,7,240,9,washington
2012-11-01,10,5,0.0,5.6,2,77,07:04 PM,09:05 AM,06:36 AM,05:07 PM,4,5,7,5,19,63,81,1.2,1006,10,8,269,12,washington
2012-11-02,11,4,0.0,8.7,2,70,07:53 PM,09:55 AM,06:37 AM,05:06 PM,3,3,7,3,26,27,77,1.2,1009,11,10,277,16,washington
2012-11-03,9,3,0.0,4.0,2,62,08:45 PM,10:39 AM,06:38 AM,05:05 PM,1,2,5,2,25,44,74,0.0,1016,9,10,293,16,washington
2012-11-04,9,3,0.0,8.7,3,55,09:41 PM,11:21 AM,06:39 AM,05:04 PM,1,3,5,3,16,23,76,0.0,1018,9,10,324,10,washington
2012-11-05,11,1,0.0,8.7,3,47,10:38 PM,11:58 AM,06:40 AM,05:03 PM,-0,2,5,2,16,8,70,0.0,1019,11,10,260,12,washington
2012-11-06,7,1,0.0,8.7,2,39,11:39 PM,12:32 PM,06:41 AM,05:02 PM,-1,1,4,1,13,29,72,0.0,1020,7,10,50,9,washington
2012-11-07,5,2,0.0,4.0,1,32,No moonrise,01:05 PM,06:42 AM,05:01 PM,-1,-0,4,-0,20,71,72,1.3,1014,5,7,261,13,washington
2012-11-08,9,3,0.0,8.7,2,24,12:40 AM,01:37 PM,06:43 AM,05:00 PM,-2,1,5,1,28,35,60,0.1,1015,9,10,313,17,washington
2012-11-09,12,3,0.0,8.7,3,17,01:44 AM,02:08 PM,06:45 AM,04:59 PM,3,5,7,5,16,5,75,0.0,1022,12,10,281,11,washington
2012-11-10,16,5,0.0,8.7,4,9,02:50 AM,02:41 PM,06:46 AM,04:58 PM,7,9,10,9,13,6,81,0.0,1026,16,10,162,8,washington
2012-11-11,17,7,0.0,8.7,4,2,03:59 AM,03:18 PM,06:47 AM,04:57 PM,8,11,12,11,17,14,82,0.0,1030,17,10,166,10,washington
2012-11-12,19,10,0.0,8.7,5,0,05:12 AM,04:00 PM,06:48 AM,04:56 PM,12,13,14,13,24,36,88,0.9,1026,19,10,169,14,washington
2012-11-13,8,3,0.0,8.7,2,0,06:25 AM,04:47 PM,06:49 AM,04:55 PM,4,4,7,4,23,43,79,10.7,1027,8,9,334,15,washington
2012-11-14,8,2,0.0,8.7,3,0,07:37 AM,05:43 PM,06:50 AM,04:55 PM,0,1,4,1,16,13,76,0.0,1032,8,10,65,10,washington
2012-11-15,10,3,0.0,5.4,2,6,08:44 AM,06:45 PM,06:51 AM,04:54 PM,2,4,6,4,12,65,79,0.0,1028,10,10,56,8,washington
2012-11-16,10,4,0.0,8.7,2,13,09:45 AM,07:52 PM,06:52 AM,04:53 PM,2,4,6,4,14,38,74,0.3,1027,10,10,101,9,washington
2012-11-17,11,3,0.0,8.7,3,21,10:36 AM,09:01 PM,06:54 AM,04:52 PM,2,4,7,4,15,7,73,0.0,1034,11,10,41,10,washington
2012-11-18,11,4,0.0,5.4,2,28,11:20 AM,10:09 PM,06:55 AM,04:52 PM,4,4,7,4,21,64,81,0.0,1035,11,10,48,13,washington
2012-11-19,11,4,0.0,8.7,3,36,11:58 AM,11:15 PM,06:56 AM,04:51 PM,4,4,7,4,18,23,85,0.0,1028,11,10,23,11,washington
2012-11-20,13,5,0.0,7.0,2,43,12:31 PM,No moonset,06:57 AM,04:51 PM,6,7,8,7,10,40,83,0.0,1021,13,10,42,7,washington
2012-11-21,13,4,0.0,8.7,3,51,01:02 PM,12:18 AM,06:58 AM,04:50 PM,5,7,9,7,13,2,79,0.0,1022,13,10,21,9,washington
2012-11-22,15,5,0.0,8.7,4,58,01:31 PM,01:19 AM,06:59 AM,04:49 PM,5,9,10,9,10,1,73,0.0,1023,15,10,57,7,washington
2012-11-23,13,3,0.0,8.7,2,66,02:00 PM,02:18 AM,07:00 AM,04:49 PM,4,6,8,6,18,24,75,0.0,1014,13,10,225,11,washington
2012-11-24,5,0,0.0,7.0,1,74,02:30 PM,03:17 AM,07:01 AM,04:49 PM,-4,-2,2,-2,28,17,62,0.0,1014,5,10,300,19,washington
2012-11-25,6,-1,0.0,8.7,2,81,03:03 PM,04:14 AM,07:02 AM,04:48 PM,-5,-2,2,-2,16,16,60,0.0,1017,6,10,245,10,washington
2012-11-26,11,1,0.0,8.7,3,89,03:38 PM,05:11 AM,07:03 AM,04:48 PM,0,4,5,4,12,21,69,0.0,1021,11,10,234,6,washington
2012-11-27,5,1,0.0,5.3,1,96,04:17 PM,06:07 AM,07:04 AM,04:47 PM,3,2,4,2,15,71,93,5.4,1023,5,8,264,10,washington
2012-11-28,8,-1,0.0,8.7,2,100,05:01 PM,07:00 AM,07:05 AM,04:47 PM,-2,-1,3,-1,17,10,73,0.0,1026,8,10,312,11,washington
2012-11-29,10,0,0.0,8.7,3,89,05:49 PM,07:51 AM,07:06 AM,04:47 PM,-1,2,5,2,15,5,69,0.0,1029,10,10,242,9,washington
2012-11-30,11,1,0.0,8.7,3,81,06:40 PM,08:37 AM,07:07 AM,04:46 PM,2,4,5,4,12,13,82,0.0,1027,11,9,120,7,washington
2012-12-01,10,5,0.0,7.0,2,78,07:35 PM,09:20 AM,07:08 AM,04:46 PM,6,6,7,6,9,53,93,0.1,1029,10,5,71,5,washington
2012-12-02,13,4,0.0,8.7,2,71,08:31 PM,09:59 AM,07:09 AM,04:46 PM,7,7,9,7,17,46,91,0.2,1025,13,7,189,10,washington
2012-12-03,20,10,0.0,7.0,4,64,09:30 PM,10:33 AM,07:10 AM,04:46 PM,12,14,14,14,15,35,87,0.0,1023,20,8,217,8,washington
2012-12-04,19,13,0.0,8.7,4,56,10:29 PM,11:06 AM,07:11 AM,04:46 PM,13,14,15,14,18,37,87,0.5,1021,19,8,192,10,washington
2012-12-05,13,4,0.0,8.7,4,49,11:31 PM,11:37 AM,07:12 AM,04:46 PM,5,8,11,8,26,25,66,0.1,1021,13,10,308,17,washington
2012-12-06,5,1,0.0,8.7,2,42,No moonrise,12:07 PM,07:13 AM,04:46 PM,-3,-0,3,-0,13,32,67,0.0,1027,5,10,126,9,washington
2012-12-07,11,2,0.0,7.0,2,35,12:33 AM,12:38 PM,07:14 AM,04:46 PM,3,4,6,4,14,69,82,1.7,1020,11,8,163,9,washington
2012-12-08,16,9,0.0,8.7,3,27,01:39 AM,01:12 PM,07:15 AM,04:46 PM,10,10,11,10,11,52,91,0.1,1014,16,4,212,7,washington
2012-12-09,10,9,0.0,3.5,2,20,02:47 AM,01:50 PM,07:16 AM,04:46 PM,9,8,10,8,15,82,94,7.0,1019,10,5,58,10,washington
2012-12-10,18,10,0.0,5.2,4,13,03:58 AM,02:32 PM,07:16 AM,04:46 PM,13,13,14,13,23,72,93,0.2,1007,18,9,196,14,washington
2012-12-11,9,5,0.0,8.7,3,5,05:10 AM,03:23 PM,07:17 AM,04:46 PM,2,5,7,5,20,26,70,0.3,1015,9,10,330,14,washington
2012-12-12,8,3,0.0,8.7,2,0,06:19 AM,04:21 PM,07:18 AM,04:46 PM,-1,2,5,2,13,35,67,0.0,1028,8,10,188,9,washington
2012-12-13,10,2,0.0,8.7,3,0,07:25 AM,05:27 PM,07:19 AM,04:47 PM,-1,3,5,3,12,9,63,0.0,1029,10,10,59,9,washington
2012-12-14,12,2,0.0,8.7,3,2,08:22 AM,06:37 PM,07:19 AM,04:47 PM,1,5,6,5,11,4,71,0.0,1026,12,10,220,8,washington
2012-12-15,10,2,0.0,8.7,3,9,09:12 AM,07:49 PM,07:20 AM,04:47 PM,1,4,6,4,14,34,74,0.0,1023,10,10,138,8,washington
2012-12-16,10,6,0.0,7.0,2,16,09:54 AM,08:58 PM,07:21 AM,04:47 PM,7,6,8,6,13,64,89,1.1,1016,10,8,160,9,washington
2012-12-17,12,7,0.0,5.2,3,23,10:30 AM,10:05 PM,07:21 AM,04:48 PM,9,9,10,9,12,91,95,1.1,1008,12,6,129,8,washington
2012-12-18,14,5,0.0,8.7,3,31,11:03 AM,11:09 PM,07:22 AM,04:48 PM,6,7,9,7,24,28,81,0.2,1004,14,10,267,15,washington
2012-12-19,12,3,0.0,7.0,2,38,11:34 AM,No moonset,07:23 AM,04:49 PM,3,5,7,5,18,33,75,0.0,1014,12,10,291,11,washington
2012-12-20,8,4,0.0,7.0,2,45,12:03 PM,12:10 AM,07:23 AM,04:49 PM,3,3,6,3,22,56,81,9.3,1017,8,9,97,14,washington
2012-12-21,6,1,0.0,5.2,1,52,12:33 PM,01:10 AM,07:24 AM,04:50 PM,1,1,6,1,35,70,72,18.3,996,6,9,256,24,washington
2012-12-22,4,-0,0.0,5.2,1,60,01:05 PM,02:08 AM,07:24 AM,04:50 PM,-4,-4,2,-4,34,34,68,0.0,1010,4,10,290,22,washington
2012-12-23,7,0,0.0,8.7,2,67,01:39 PM,03:05 AM,07:25 AM,04:51 PM,-4,-0,3,-0,15,18,64,0.0,1016,7,10,241,10,washington
2012-12-24,5,2,0.0,5.2,1,74,02:16 PM,04:01 AM,07:25 AM,04:51 PM,1,1,3,1,14,62,87,11.7,1016,5,7,111,9,washington
2012-12-25,8,2,0.0,8.7,3,82,02:58 PM,04:55 AM,07:25 AM,04:52 PM,2,2,5,2,15,27,84,0.1,1019,8,9,253,10,washington
2012-12-26,7,0,0.8,3.5,1,89,03:45 PM,05:47 AM,07:26 AM,04:53 PM,1,-2,3,-2,25,89,93,43.6,1011,7,7,126,16,washington
2012-12-27,3,-1,0.0,8.7,1,96,04:35 PM,06:35 AM,07:26 AM,04:53 PM,-2,-5,1,-5,36,28,80,0.7,1007,3,10,295,24,washington
2012-12-28,5,-1,0.0,8.7,2,100,05:29 PM,07:19 AM,07:26 AM,04:54 PM,-2,-1,2,-1,13,25,78,0.0,1019,5,10,249,8,washington
2012-12-29,4,1,0.0,3.5,1,89,06:25 PM,07:59 AM,07:27 AM,04:55 PM,0,-1,2,-1,18,68,88,2.7,1009,4,8,204,11,washington
2012-12-30,2,-2,0.0,8.7,2,82,07:24 PM,08:36 AM,07:27 AM,04:56 PM,-4,-6,-0,-6,32,10,75,0.0,1020,2,10,301,21,washington
2012-12-31,5,-2,0.0,8.7,1,78,08:23 PM,09:09 AM,07:27 AM,04:56 PM,-4,-2,1,-2,15,31,69,0.9,1023,5,9,232,10,washington
